id,source,hotel_name_from_roomlist,city_from_roomlist,address_from_roomlist,room_name,room_size,number_of_people_min,number_of_people_max,price_per_day,description,info_link,img_link,placeUUID,distance,placeName
,venuu,Gråbogården event och konferens center,Gråbo,"Ljungslättsvägen 95, 44373 Gråbo",,,,42,12700,"Gråbogården inspirerar till kreativa möten i naturen vid mysig badsjö endast 35 minuter från Göteborg. På Gråbogården finns en stor modernt inredd konferens sal, fullt utrustat kommersiellt kök, sköna lounge rum med soffor och vackra omgivningar att utforska. Köket är utrustat med allt som ni behöver för att tillaga och förvara mat till stora grupper eller varför inte boka en privat kock som ni lagar maten tillsammans med eller beställ catering. Ni kan även tillaga maten utomhus på två kolgrillar eller helt enkelt laga den över öppen eld. Det bästa med Gråbogården är att ni kan ta med egen mat och dryck och utforma ert möte precis som ni önskar, vilket uppskattas av gäster. Den stora salen rymmer 42 sittande middagsgäster, två soffgrupper och kan möbleras om för att göra den tillgänglig för olika typer av möten och konferenser. I sjöbyggnaden finns ett lounge rum med sköna soffor och lounge stolar för team möten eller avkoppling. Utomhus finns bord och stolar för 24 gäster på terassen med utsikt över sjön. Det är det perfekta stället för ert nästa möte, företagskickoff, dagkonferens eller team building aktivitet. Utforma ert event utifrån egna ideer eller låt oss hjälpa er. Gråbogården har sju bekväma flerbäddsrum med 40 sovplatser med sköna madrasser. Utsikten mot sjön och skogen från sovrummen är avkopplande för både kropp och själ, och tystnaden bidrar till en skön natts sömn. Ni har tillgång till badplats med egen brygga, kanoter, kajaker, stand up paddle boards och flytvästar. Gråbogården är ett familjeägt företag och vår målsättning är att skapa en plats för de som söker bekvämlighet i en avkopplande miljö mitt i naturen. Vi önskar att er vistelse hos oss ska vara avkopplande, inspirerande och samtidigt ge ny energi. Vi tror att de vackra omgivningarna med sjön och skogen ska ha en positiv inverkan på ert välbefinnande. Med skogen runt knuten kan ni hitta på många aktiviteter, som att utforska naturstigar, motionera i elljusspåret i närheten, cykla, plocka svamp eller bär. Om ni söker en mötesplats med teamet i avskildhet mitt i naturen i närheten av Göteborg, då är Gråbogården rätt för er. Tveka inte att kontakta oss med era önskemål.",https://venuu.se/lokaler/grabogarden-event-och-konferens-center,https://files.venuu.se/attachments/000/176/917/2d9500fea2e20b983f63e0cb196e307a890786c2.jpg,f60d1d28-3de9-488c-8e9a-c5e71b811562,0.7053277917141068,"Grenna Hotel Gränna Ribbagårdsgränd 11, 563 31 Gränna, Sweden"
,venuu,Klubbarnas Klubb,Stockholm,"Beckholmsvägen 12, 11521 Stockholm",,,,70,7000,"Klubbarnas Klubb är en charmig & personlig lokal på 100 m2. Vi finns på norra Djurgården i en liten gränd bakom Nya Djurgårdsvarvet, vi är grannar med den glittrande Östersjön, de gamla arbetsbostäderna och de knarriga bryggorna. Varvet sjuder av nytt liv, under årets alla årstider. I vår fantastiska konferenslokal om ca 100 M2 belägen mitt bland båtentusiaster och hantverkare har du möjlighet att konferera eller arrangera din privata tillställning. Vi kan hjälpa dig planera och skräddarsy din tillställning utifrån dina specifika önskemål och behov. Med ett personligt och professionellt bemötande hoppas vi kunna överraska er och på så sätt ge er en oförglömlig upplevelse. Lokalen har möjlighet till möten, konferenser, föredrag och middagar. Det finns ett beredningskök och bar där vi kan erbjuda allt från konferensmåltider till middagar. I lokalen finns bord, stolar och glas, porslin för 70-talet personer. Full A/V utrusning likväl som whiteboard och wifi. Lokalen kan ta upp till 90 personer i mingelform.Detta finns tillgängligt i lokalen: Wc & Bar. Bord & stolar finns för 70 gäster.Porslin, glas, skålar och bestick för 70 personer. Värmeljus hållare & små enkla vaser. Som mingel kan man vara 100 personer. Det finns 3 st ståbord tillgängligt. Musik & projketor Det finns en enklare musik anläggning med mikrofon, headset & projektor.Hyr till Dukar till borden. Grå eller Vita 79:- styck.Vi står för maten, drycken & servicen hela kvällen. (Not: lokalen kan hyras dagtid och kvällstid, på vardagar fram till 23:00 Måndag-torsdag. Fredagar & Lördagar fram till 01:00. Tyvärr är det ej tillåtet med trubadur, DJ eller liveband efter kl. 22:00. Efter detta går det bra att använda sig av befintligt ljudsystem, som duger bra till festen).",https://venuu.se/lokaler/klubbarnas-klubb,https://files.venuu.se/attachments/000/156/880/529fc6b1d5a0ea2e01612d0c57591719aac3f213.jpg,f60d1d28-3de9-488c-8e9a-c5e71b811562,0.7053277917141068,"Grenna Hotel Gränna Ribbagårdsgränd 11, 563 31 Gränna, Sweden"
,venuu,Högsbo Meeting Point,Västra Frölunda,"E A Rosengrensgata 17, 421 31 Västra Frölunda",Ljusgården 210,,,120,,"Välkommen till Högsbo Meeting Point i Göteborg, en ljus och vacker lokal med högt i tak. En eventlokal frrån 20 upp till 120 sittande personer i biosittning. Scen, bar, ljud, och projektor finns, möblemang utefter era önskemål. Ljusgården är en fantastisk lokal för både fest, work-shops, kick-offer och mycket annat. Ljusgården är både majestätisk eller pampig, om man så vill, men lokalen bringar även en slags lugn och ro. I anslutning till lokalen finns en stor uteterrass. I priset ingår utöver lokalen och dess faciliteter: Förmiddagsfika: Fralla kaffe/teLunch: inklusive dryck. Kaffe/teEftermiddagsfika: Bakverk, Kaffe/te",https://venuu.se/lokaler/hogsbo-meeting-point-ljusgarden-210,https://files.venuu.se/attachments/000/208/318/16bacb05377f27b3b9ae4f60d33157cac61169b6.jpg,04dfd2cd-e11a-49db-b7d9-d9838a1db661,0.7240333650089749,"Hotel Gästis Varberg Borgmästaregatan 1, 432 41 Varberg, Sweden"
,venuu,Vardagsrummet,Stockholm,"Tomtebogatan 5, 11339 Stockholm",,,,30,8000,"Om T5T5 Community är ett kreativt coworking community beläget mitt i centrala Stockholm. Här samlas företag, entreprenörer och frilansare i en inspirerande och dynamisk miljö med möjlighet till spännande möten och samarbeten. I våra vackra sekelskifteslokaler får du tillgång till öppna ytor såväl som välutrustade konferensrum. I vårt café kan du dricka gott kaffe, äta lunch eller hålla interna och externa event.Om VardagsrummetI anknytning till T5s entré ligger vår charmiga eventlokal “Vardagsrummet” som erbjuder många möjligheter till event. Tidigare har det arrangerats POP-UP butiker, bloppisar, juldrinkar, bokreleaser, lanseringsfester och mycket annat. Lokalen är perfekt placerad utmot gatan, med egen entré, 3 toaletter, bar/reception och mindre kök. Till lokalen ordnas möblemang, porslin och mycket mera. Kan bokas mellan kl 07 - 22.Om personalVi har både personal och kontakter kunniga inom servering, event, fest och planering. Ni kan hyra dem per timme.",https://venuu.se/lokaler/vardagsrummet-stockholm,https://files.venuu.se/attachments/000/084/376/eb7bb8be6c7d758f0f337233a80458e89b941184.jpg,04dfd2cd-e11a-49db-b7d9-d9838a1db661,0.7240333650089749,"Hotel Gästis Varberg Borgmästaregatan 1, 432 41 Varberg, Sweden"
,venuu,Heleneborg Ateljé,Stockholm,"Söder Mälarstrand 111, 117 31 Stockholm",,,,20,10000,"Ett av Stockholms äldsta hus har inte bara ett fantastiskt läge intill Pålsundet, där finns också en vacker ateljé med sex meters takhöjd och stort fönster med utsikt över Riddarfjärden och Stockholms stadshus. Ateljén är uppförd av en av landets främsta skulptörer, i huset bodde och verkade även Alfred Nobel på sin tid. Ateljéns öppna planlösning passar perfekt för olika sällskap, oavsett om man vill mingla, bjuda in till vernissage, möten, föreläsningar, konferenser eller andra slags event. En upphöjd scen finns liksom teknisk utrustning som projektor. Egen catering är tillåten.I anslutning till entrén finns en liten grönskande gård där man kan servera bubbel eller andra förtäringar intill en hundraårig lönns vackra grenverket som ett överhängande tak.Ateljén renoverades hösten 2021 samt ett kök byggdes till våren 2022. I köket finns sådant som: kaffebryggare, diskmaskin, kyl & frys, spis, glas, porslin, mm. Tillägg som kan bokas:Professionell guide som berättar om husets intressanta historia.Båttur med Heleneborgs anrika båtklubb, vad sägs om en tur med Krügers vackra träbåt Doris.Fotografen Binge Eliasson föreläser om seendets betydelse, hur det påverkar vår förmåga att se på konst. En föreläsning som omfattar modernismens abstrakta konst fram till dagens konceptuella konst.",https://venuu.se/lokaler/heleneborg-atelje,https://files.venuu.se/attachments/000/107/243/41564a65f17fe0d308fd2586bc885e496536c4e3.jpg,a458a70c-df5b-4ce3-9a57-aa2bf9d079b5,0.770245612894135,"Helio Hötorget - Coworking & Mötesrum Stockholm Sveavägen 9, 111 57 Stockholm, Sweden"
,venuu,KONTRÄR,Stockholm,"Östgötagatan 33, 11625 Stockholm",,,,100,40000,"Den nybyggda teaterlokalen, nära Medborgarplatsen, är en modern och mångsidig evenemangsplats perfekt för presentationer, föreläsningar och andra kulturella evenemang för upp till 100 personer. Interiören har utformats med tanke på både komfort, funktionalitet och en häftig design som har en intim och välkomnande atmosfär.På scenen finns ett professionell ljudsystem och mikrofon så att talare kan ge sina bästa framträdanden. Här finns också projektor, wifi och loger för bästa möjliga evenemang. Vi erbjuder också professionell ljusteknik för att du ska kunna genomföra tillställningen precis så som du vill ha den. Mingelmat kan serveras i loungen och om det önskas finns också möjligheter till bar där ni kan få ta med egna drycker att servera. Vi på Konträr finns här för att se till att du kan arrangera ditt event på dina villkor!",https://venuu.se/lokaler/kontrar,https://files.venuu.se/attachments/000/207/728/95036cda33c1e9441eb231bfcbba53f2a1dc3a09.jpg,c748bced-4201-40f9-a0ed-802236bd5ea5,0.7718990627253064,"Kontorshotel Kyrkogatan Gothenburg Kyrkogatan 30, 411 15 Göteborg, Sweden"
,venuu,Sofq Working Spaces,Kista,"Kistagången 26, 164 40 Kista",,,,12,4000,Solution of Quality working spaces är en perfekt plats för att hålla olika möten! Välkommen till oss för att få inspiration och komma med nya ideér.Våra working spaces passar också utmärkt som jobbplats om du saknar kontor till anpassningsbara priser.Vi erbjuder möjligheten till ett konferensrum med utrymme för 12 personer och mötesrum för 4 personer. Du hittar oss i mitten av Kista. Kontakta gärna oss för mer information!Välkommen!,https://venuu.se/lokaler/sofq-working-spaces,https://files.venuu.se/attachments/000/160/204/48c7b555d1ae63bceb8d8ed5b97a9501ac40fe34.jpg,c748bced-4201-40f9-a0ed-802236bd5ea5,0.7718990627253064,"Kontorshotel Kyrkogatan Gothenburg Kyrkogatan 30, 411 15 Göteborg, Sweden"
,venuu,Rubid,Stockholm,"Sveavägen 140, 113 50 Stockholm",Svea140,,,25,5800,"Svea140 ligger centralt beläget i Stockholm på Sveavägen med gångavstånd från Odenplan. Lokalen består av tre rum och har egen direktingång i markplan från Sveavägen. Exklusiv tillgång till hela lokalen gäller alltid vid hyra.Första rummet (ca 21 kvm) har ett högt bord med plats för 8-12 personer samt en serveringsbänk och kylskåp. Passar bra för fikapausen, ett kortare möte eller grupparbeten.En halv trappa upp ligger stora rummet (ca 31 kvm) med fönster och dörr mot innergården. Stor TV och Whiteboard.Passar bra för utbildningen, föreläsningen eller det lite större mötet. Går att möblera på flera olika sätt, till exempel skol-, styrelse- eller bio-sittning.Innanför kurslokalen, ytterligare en halv trappa upp ligger konferensrummet (ca 12 kvm) med plats för 6-8 personer. Det är möblerat med ett konferensbord och stolar. Här finns Whitebord, blädderblock och TV. Passar bra för lite mindre möten eller grupparbeten.Totalt ca 70 kvm. Utöver detta finns även tillgång till pentry.Erbjuder även frukost och fika. Kan även hjälpa till att boka mat, catering alt. externt.",https://venuu.se/lokaler/rubid-svea140,https://files.venuu.se/attachments/000/164/976/5aea1675781e6cd37a19646f166489e8587ba383.jpg,c748bced-4201-40f9-a0ed-802236bd5ea5,0.7718990627253064,"Kontorshotel Kyrkogatan Gothenburg Kyrkogatan 30, 411 15 Göteborg, Sweden"
,venuu,Eventsal och konferensrum,Stockholm,"Birkagatan 28, 113 39 Stockholm",,,,80,13600,"Om ossT5 Community är ett kreativt Coworking Community beläget i Birkastan i centrala Stockholm. Här samlas företag, entreprenörer och frilansare i en inspirerande och dynamisk miljö med möjlighet till spännande möten och samarbeten. I våra vackra sekelskifteslokaler har man tillgång till öppna ytor såväl som välutrustade konferensrum i olika storlek. I vårt café kan du dricka gott kaffe, äta lunch eller hålla interna och externa event. Nu slår vi även upp dörrarna till en större eventlokal runt hörnet, en luftig och nyrenoverad sekelskifteslokal på Birkagatan 28! Inom de totala 340 kvm finns konferensrum, en stor sal, stor garderob, upp till fem toaletter, två omklädningsrum med toalett och fyra duschar i vardera, handikapptoalett/skötrum, träningsutrustning, flygel och mycket mer. Går att hyras i sin helhet, dock ej som festlokal till privatpersoner. Förutom den starka känslan av genuinitet har denna lokal stora fördelar i form av egen entré direkt från gatan utan trappor samt lokalens inbyggda flexibilitet att, med öppna eller stängda skjutdörrar, kunna förvandlas till just det du önskar. Dessutom ligger den ett stenkast från restauranggatan Rörstrandsgatan.Till lokalen ordnas möblemang, porslin och mycket mer enligt önskemål.Om EventsalenDen större ytan ""Eventsalen” erbjuder många möjligheter till event av olika slag. Denna kan hyras separat eller inklusive mötesrum/skyltfönster mot Birkagatan. Tidigare har det arrangerats bokreleaser, pop-up-butiker, konferensdagar, föreläsningar, reklaminspelningar, lanseringsfester och mycket annat. Oavsett typen av event du vill ha kan vi ordna med möblemang, porslin, personal m.m. Här ryms ca 120 personer stående eller ca 80 sittande.Om konferensrummetKonferensrummet med fönster mot gatan är 24 kvm och kan hyras som konferensrum men även till annat. Vid bokning av lokalerna i sin helhet kan detta rum användas som t.ex. reception, bar eller skyltfönster.Om personalVi har egen personal och kontakter kunniga inom servering, event, fest och planering. Ni kan hyra dem per timme.",https://venuu.se/lokaler/eventsal-och-konferensrum,https://files.venuu.se/attachments/000/157/119/f654f57cf1ac1b47afc167d245cd0c87082e671e.jpg,c748bced-4201-40f9-a0ed-802236bd5ea5,0.7718990627253064,"Kontorshotel Kyrkogatan Gothenburg Kyrkogatan 30, 411 15 Göteborg, Sweden"
,venuu,Högsbo Meeting Point,Västra Frölunda,"EA Rosengrens gata 17, 421 31 Västra Frölunda",Konferenslokal 60,,,24,,"Konferensrum 60 (60 kvm) går att dela i två rum och ligger i anslutning till Ljusgården 210. Lokalen är utrustad med konferensbord, projektor, Wifi, whiteboard och blädderblock. I priset ingår utöver lokalen: Förmiddagsfika: Fralla kaffe/teLunch: inklusive dryck. Kaffe/teEftermiddagsfika: Bakverk, Kaffe/te",https://venuu.se/lokaler/hogsbo-meeting-point-konferenslokal-60,https://files.venuu.se/attachments/000/164/460/f3a7533732b37138dca6d00408cb18c0fcd38297.jpg,c748bced-4201-40f9-a0ed-802236bd5ea5,0.7718990627253064,"Kontorshotel Kyrkogatan Gothenburg Kyrkogatan 30, 411 15 Göteborg, Sweden"
,venuu,Högsbo Meeting Point,Västra Frölunda,"E A Rosengrensgata 17, 421 31 Västra Frölunda",Konferenslokal 20,,,6,,"Konferens 20 är för det mindre mötet. från 2- 6 personerHalvdag 08.00 - 12.00 eller 13.00 - 17.00Paketpris: Förmiddagsfika/eftermiddagsfika, frukt och lunch 385:-/per person",https://venuu.se/lokaler/hogsbo-meeting-point-konferenslokal-20,https://files.venuu.se/attachments/000/188/313/a66b01e89f04c29470ffcc4170a3908ab41db72f.jpg,c748bced-4201-40f9-a0ed-802236bd5ea5,0.7718990627253064,"Kontorshotel Kyrkogatan Gothenburg Kyrkogatan 30, 411 15 Göteborg, Sweden"
,venuu,Efes Restraung,ÅRE,"Björnänge 827 , 837 52 ÅRE",,,,60,,"Restaurang Efes hittar ni på Björnänge i hjärtat av Åre.Kryp i våran Restaurang som har utsikt mot Åresjön, lokalen rymmer 90 platser. Vi kan erbjuda plats avskilt för upp till 35 personer och ni kan ta över hela restaurangen om ni är 40 personer och upp.Lokalen har en komplett bar med fullständiga rättigheter samt kök. Det betyder att vi bara erbjuder kompletta middagar med både mat & dryck. Vi får lov att ha öppet till 01.00 sen får ni ta er vidare.I samband med ert evenemang så hjälper vi mer än gärna till med underhållning och allt annat som behövs.",https://venuu.se/lokaler/efes-restraung,https://files.venuu.se/attachments/000/197/516/046725b46e68ae8764823972712c2c0dcf5421f6.jpg,c748bced-4201-40f9-a0ed-802236bd5ea5,0.7718990627253064,"Kontorshotel Kyrkogatan Gothenburg Kyrkogatan 30, 411 15 Göteborg, Sweden"
,venuu,Lerbäcksgården,Göteborg,"Lerbäckgården 3, 422 50 Göteborg",,,,20,5000,"Strax utanför Göteborg hittar ni denna charmiga, genuina och nyrenoverade konferens och möteslokal, en plats för hel eller halvdagars företagsevent. Lokalen rymmer max 20 sittande gäster och finns att hyra alla vardagar mellan 08-18. Lerbäcksgården består av ett charmigt 40-tals hus som är nyrenoverat med bra belysning och utrusning. Ett större rum med 6 konferensbord och stolar för 20 sittande, två mysiga sittplatser samt ett mindre kök och toalett. I priset ingår även tillgång till ""biosalongen"", ett rum med biosittplatser, med projector och duk, för presentationer eller liknande visningar. Egen mat och dryck är tillåtet. Vi hjälper gärna till att beställa catering från områdets lokala cateringfirma. Vi rekommenderar er även att promenera till Albatross golfklubb, endast 5 minuters promenad från lokalen som serverar goda luncher. Utöver det hjälper vi gärna att fixa kaffe och fika (inte inkluderat i priset) vid intresse. Vill ni komma iväg från stadspulsen för mindre företagsevent och konferenser, kontakta oss! Lerbäcksgården är en lugn och fridfull lokal vid naturen bara ett stenkast från Göteborg.",https://venuu.se/lokaler/lerbacksgarden,https://files.venuu.se/attachments/000/183/489/c56723aa4faa05cfc042dbf23b50637af6a0bcdc.jpg,c748bced-4201-40f9-a0ed-802236bd5ea5,0.7718990627253064,"Kontorshotel Kyrkogatan Gothenburg Kyrkogatan 30, 411 15 Göteborg, Sweden"
,venuu,Best Western Kom Hotel,Stockholm,"Döbelnsg. 17 , 111 40 Stockholm",Sergel,,,18,7600,"Sergel är en lokal för det mindre mötet. Det ligger undanskymt i vårt konferenscenter, med egen lounge i anslutning till rummet. Panoramafönster i vinkel mot Döbelnsgatan resp. Kammakargatan ger optimalt ljusinsläpp och avkopplad miljö. Lokalen är miljövänlig och Svanen-märkt.Sergel har sitt namn efter skulptören Johan Tobias Sergel (1740-1814), som hade sin ateljé på nummer 1. I sin tidigare skepnad gick Sergel- gatan söderut endast till Mäster Samuelsgatan, men går nu fram, över Sergels gamla ateljé, till Sergels Torg.",https://venuu.se/lokaler/best-western-kom-hotel-sergel,https://files.venuu.se/attachments/000/023/221/6f1bfc8d24c307e6a4c14c992066e9758dd0f802.jpg,926e22b6-47b7-4f96-b2be-ed458eecb211,0.876723484848485,"Best Western Time Hotel Stockholm Vanadisvägen 12, 113 46 Stockholm, Sweden"
,venuu,Westmanska Palatset,Stockholm,"Holländargatan 17, 11160 Stockholm",Bellman,,,14,3900,"Välkommen till Westmanska Palatset!Letar du efter prisvärda lokaler med utmärkt läge i centrala Stockholm? Westmanska Palatset erbjuder moderna mötes-, konferens- och festlokaler i en historisk miljö för alla typer av event.Bellman är värt mest unika mötesrum med plats för 14 personer runt träbordet. Rummet har en varm och mysig atmosfär och är perfekt för ert nästa styrelsemöte eller gruppmiddag. Bellman även inhyser vår fina vinkällare. Rummet är utrustade med den senaste mötestekniken.Vår egen restaurang under samma tak erbjuder dig och dina gäster allt från fika till affärsluncher och trerättersmiddagar. Vår dedikerade servicepersonal finns här för att era konferenser ska bli så lyckade som möjligt. Med vårt motto Service by Heart är vi med och hjälper er hela vägen, från början till slut.Kontakta oss så hjälper vi till att skräddarsy en lösning efter ert behov och önskemål!",https://venuu.se/lokaler/westmanska-palatset-bellman,https://files.venuu.se/attachments/000/178/474/000a7694866a77f949cdb31695dc1ed16a26fde8.jpg,926e22b6-47b7-4f96-b2be-ed458eecb211,0.876723484848485,"Best Western Time Hotel Stockholm Vanadisvägen 12, 113 46 Stockholm, Sweden"
,venuu,Noors Slott,Knivsta,"Ledingevägen 93, 741 44 Knivsta",Carolina,,,20,4500,"Konferenslokalen Carolina har en personlig charm och ligger i ena flygeln intill slottet. I Carolina flygeln finns 11 logi rum och 1 konferenslokal, så är ni kring det antalet är ni till största delen själva där. I lokalen finns tillgång till dataprojektor, högtalare, fri tillgång till trådlöst internet, blädderblock, whiteboard och OH.Sånt som mineralvatten, frukt och godis ingår när ni bokar konferens hos oss. Lokalens mått är 6 x 4m + biyta med fåtöljer och bord. En konferens hos oss innebär kvalitetstid. Varje grupp som gästar hos oss arbetar i en egen byggnad, äter luncher och middagar i egen matsal och styr över sin tid. Det ger en perfekt grund för ostörda diskussioner, kreativt arbete och välgrundade beslut.",https://venuu.se/lokaler/noors-slott-carolina,https://files.venuu.se/attachments/000/053/893/13908faf9c2d937d8b1efe9e4557871d1b7f0157.jpg,926e22b6-47b7-4f96-b2be-ed458eecb211,0.876723484848485,"Best Western Time Hotel Stockholm Vanadisvägen 12, 113 46 Stockholm, Sweden"
,venuu,Klara Stockholm,Stockholm,"Klarabergsviadukten 90, 111 64 Stockholm",Dagerman,,,42,,DAGERMANVår kanske allra ljusaste lokal som har tillgång till härlig lounge. En flexibel lokal. Mycket bra de där pauserna när allt bara faller på plats och löser sig. Allt känns ombonat (förmodligen p.g.a. burspråket) men samtidigt effektivt på något sätt.Med två anläggningar och 25 rum i varierande storlek har vi alltid något för dig. Den senaste tekniken och alla tänkbara hjälpmedel väntar på er. Både Tändstickspalatset och Klara Strand har en vacker matsal där det serveras en perfekt avvägd affärslunch varje dag.Välkomna till Kapitel 8 och Klara Strand!,https://venuu.se/lokaler/klara-stockholm-dagerman,https://files.venuu.se/attachments/000/016/532/365302bc053a8bcef713a1c60f2bb8e7ed361f3d.jpg,926e22b6-47b7-4f96-b2be-ed458eecb211,0.876723484848485,"Best Western Time Hotel Stockholm Vanadisvägen 12, 113 46 Stockholm, Sweden"
,venuu,Sjöfartshuset,Stockholm,"Skeppsbron 10, 111 30 Stockholm",Strömsalongen,,,146,7990,Vårt största mötesrum heter Strömsalongen och ligger på våning 3. Salongen bestod i gamla tider av tjänstefolksbostäder och husets historia sträcker sig så lång tillbaka som till 1600-talet. Det trivsamma rummet har anspråkslös takhöjd med flera fönster med djupa fönsternischer. Här kan man njuta av den vackra utsikten mot Stockholms ström och båtliv. I den nedre delen av salongen finns det soffgrupper att nyttja till grupparbete eller vid kaffepauser.KONFERENS SITTNING U-Bord max 28 pers. Skolsittning max 50 pers. Biosittning max 70 pers.Välkomna till Sjöfartshusets Festvåningar och Gamla stan i Stockholm!,https://venuu.se/lokaler/sjofartshuset-stromsalongen,https://files.venuu.se/attachments/000/058/381/5132ffeeb341f11553af14af964fcaec7fad90c1.jpg,926e22b6-47b7-4f96-b2be-ed458eecb211,0.876723484848485,"Best Western Time Hotel Stockholm Vanadisvägen 12, 113 46 Stockholm, Sweden"
,venuu,Ersta konferens & hotell,Stockholm,"Erstagatan 1K, 116 28 Stockholm",Clara Eckerströmsalen,,,50,7900,"Det finns många fördelar med Clara Eckerströmsalen som är en ljus lokal med stora fönster åt två håll. Dels ligger den på entréplan och man kan nå den utan att passera några trappor. Dels har den eget fikautrymme, nära till handikapptoalett, garderob och receptionen. Clara Eckerströmsalen har modern teknik med bland annat bakprojektion och automatiska mörkläggningsgardiner. Salen är en av våra mest populära lokaler.När stora diakonisshuset uppfördes användes utrymmet för Clara Eckerströmsalen samt lobbyn som storkök, skafferi och diskutrymme. Salen är uppkallad efter husmor Clara Eckerström som tillsammans med Ersta diakonis första direktor, Johan Christoffer Bring, ledde verksamheten i 35 år.",https://venuu.se/lokaler/ersta-konferens-hotell-clara-eckerstromsalen,https://files.venuu.se/attachments/000/076/492/242dc107ffcce9f2f0712f98fcce92b3ee93af35.jpg,926e22b6-47b7-4f96-b2be-ed458eecb211,0.876723484848485,"Best Western Time Hotel Stockholm Vanadisvägen 12, 113 46 Stockholm, Sweden"
,venuu,Ersta konferens & hotell,Stockholm,"Erstagatan 1K, 116 28 Stockholm",Bringsalen,,,120,15900,"Bringsalen är vår största lokal och med sina sju meter i takhöjd och stora fönster åt två håll även vår vackraste. I biosittning ryms det upp till 120 personer. Salen används flitigt för föreläsningar, konferenser men även vid speciella tillfällen som scenframträdanden. Salen är uppkallad efter Johan Christoffer Bring som var Ersta diakonis föreståndare från 1862 fram till sin bortgång 1898. Bringsalen, som då hette Bönsalen, fungerade som samlingsrum och bönerum för diakonissorna som bodde och verkade i området.Idag är Bringsalen moderniserad för konferenser med god teknisk utrustning, ljussättning och akustik. Samtidigt som många historiska detaljer är bevarade.Redan år 1902 flyttade en flygel in i salen. Under årens lopp har flyglarna bytts ut till modernare upplagor och idag, över hundra år senare, står en elflygel på exakt samma plats. Glasfönstret som är kvar sedan huset byggdes kom till tack vare att systrarna i huset samlade in bidrag och själva målade en förlaga som sedan en glasmästare skapade.",https://venuu.se/lokaler/ersta-konferens-hotell-bringsalen,https://files.venuu.se/attachments/000/076/480/5085ca9847faccf7a68e3a17ce1054cb7b2b9748.jpg,926e22b6-47b7-4f96-b2be-ed458eecb211,0.876723484848485,"Best Western Time Hotel Stockholm Vanadisvägen 12, 113 46 Stockholm, Sweden"
,venuu,Högsbo Meeting Point,Västra Frölunda,,Grönström,,,,,,https://venuu.se/lokaler/hogsbo-meeting-point-gronstrom,https://files.venuu.se/attachments/000/188/377/85c080afdc023cf2879f8af3c9f01e6b5b485453.jpg,926e22b6-47b7-4f96-b2be-ed458eecb211,0.876723484848485,"Best Western Time Hotel Stockholm Vanadisvägen 12, 113 46 Stockholm, Sweden"
,venuu,Ersta konferens & hotell,Stockholm,"Erstagatan 1K, 116 28 Stockholm",Biblioteket,,,20,6900,Vårt bibliotek är en vacker och inspirerande lokal med högt i tak. Den har fönster åt två håll vilket ger den ett gott ljusinsläpp.Det är inte mycket som har förändrats i lokalen sen den tid då den fungerade som just bibliotek för diakonissorna. En gammal gedigen bokhylla pryder ena väggen och rummet får ett härligt sken från en vacker kristallkrona som hänger i taket. Rummet har renoverats varsamt samt moderniserats för att kunna fungera som modern möteslokal. Tekniken är ny med fast projektor med datoranslutning likväl som automatiska mörkläggningsgardiner.På kategorin onödigt vetande kan vi berätta att rummet användes vid inspelning av vissa scener till filmen ”Ted - För kärlekens skull” (2018).,https://venuu.se/lokaler/ersta-konferens-hotell-biblioteket,https://files.venuu.se/attachments/000/076/500/bc6ad353fe59fb86a671d7ac89a81bf75cfee420.jpg,926e22b6-47b7-4f96-b2be-ed458eecb211,0.876723484848485,"Best Western Time Hotel Stockholm Vanadisvägen 12, 113 46 Stockholm, Sweden"
,venuu,Hasselbacken,Stockholm,"Hazeliusbacken 20, 100 55 Stockholm",Hazeliussalen,,,240,,"Vi på Hotell Hasselbacken välkomnar både små och stora sällskap. Vi kan även arrangera kongresser i samarbete med Cirkus för upp till 1 600 personer. I ståtliga Hazeliussalen tar vi emot både mindre och större sällskap upp till 300 personer. Att gå in i den spektakulära och omtalade Hazeliussalen känns som att gå tillbaka i tiden. Här löper ståtliga pelare längst med det handmålade trätaket med antika takkronor. Ljuset från den 240 kvm sammanhängande stora terrassen lyser in genom de anmärkningsvärda fönstren. Denna enastående sal på 335 kvm är perfekt för baler, sittningar och julbord. Med en maxkapacitet för 300 personer.Inled ert äktenskap genom att säga ja till varandra i den bedårande salen! Skåla i kärlekens namn tillsammans med nära och kära. Att arrangera ert bröllop eller bröllopsmiddag här kommer minst sagt vara ett minne för livet.Utanför dörren väntar Djurgårdens fantastiska utbud av rekreation och kultur. På gångavstånd ligger Skansen, Gröna Lund, ABBA-museet, Vasamuseet, Liljevalchs konsthall och andra sevärdheter.Hasselbackens hotellrum, festvåning och möteslokaler är helrenoverade, i en blandning av klassisk elegans och moderna bekvämligheter. På matfronten erbjuder vi förstklassiga måltider i vår restaurang, serverade i vacker miljö med utsikt över parken. På våren öppnar terrassen med tillhörande park, där du både kan äta och dricka i någon av de två barerna.",https://venuu.se/lokaler/hasselbacken-hazeliussalen,https://files.venuu.se/attachments/000/155/845/bb6e7f476475541874a8d8ac74b827a2dfae588e.jpg,926e22b6-47b7-4f96-b2be-ed458eecb211,0.876723484848485,"Best Western Time Hotel Stockholm Vanadisvägen 12, 113 46 Stockholm, Sweden"
,venuu,Nalen Narva,Stockholm,"Regeringsgatan 74, 111 39 Stockholm",,,,10,4000,"Narva är en av våra mindre lokaler en trappa upp från Regeringsgatan. Här möter gammalt nytt med stuckatur och kakelugn från 1800-talet som ger rummet en härlig atmosfär. I Narva finns plats för 10 personer runt ett styrelsebord.I Narva ingår projektor, alternativt LCD-skärm. Digital konferens finns tillgängligt, bokas senast 1 vecka före arrangemang och offereras separat. Precis som i alla våra andra konferenslokaler så finns en grundutrustning med wifi, TV, whiteboard, blädderblock, block och pennor.När ni bokar Nalens lokaler så får ni en kontaktperson som håller i den generella detaljplaneringen och på plats tar våra konferensvärdar och hovmästare hand om er.Hur klarar man en heldagskonferens utan en härlig lunch? För kortare möten finns såklart färska smörgåsar, bakverk och fruktkorg.För oss på Nalen är hantverket bakom maten lika viktigt, oavsett om ni är två eller två hundra gäster. Vi lagar all mat och fika från grunden i vårt egna svanenmärkta kök, i Nalen Restaurang.Våra palatsliknande salar och vackra rum skänker oslagbar glans och charm till konferenser och möten. Välj bland sju möteslokaler i olika storlek, från 2 till 450 personer.Varmt välkomna!",https://venuu.se/lokaler/nalen-narva,https://files.venuu.se/attachments/000/052/510/6d8ee076d9f9a9d292dcccfc609c91bc8ab95853.jpg,926e22b6-47b7-4f96-b2be-ed458eecb211,0.876723484848485,"Best Western Time Hotel Stockholm Vanadisvägen 12, 113 46 Stockholm, Sweden"
,venuu,Ekensdal,Nacka,"Skurusundsvägen 151 , 131 46 Nacka",Lilla Salen,,,35,,"I den Lilla Salen på undervåningen rymmer minde sällskap på 35 gäster. Ekensdal är en flexibel festlokal med gott om plats får den som vill samla företaget eller släkt och vänner. Det finns ingen möjlighet att ta med egen mat och dryck till Ekensdal. Vi är däremot väldigt flexibla i vårt upplägg och kan skräddarsy mat och dryckespaket efter era önskemål och budget. Ni har alltid har Ekensdal exklusivt för er själva, vi tar aldrig emot mer än ett sällskap åt gången.Avsluta med middag, ett glas champagne eller varför inte ett matlagningsevent med vår kökschef Mathias och hans kollegor. Mathias har vunnit både VM och OS med Svenska Kocklandslaget och är en garanti för att maten alltid håller högsta kvalitet. Behöver ni sedan övernattning, samarbetar vi med bra hotell i närheten.",https://venuu.se/lokaler/ekensdal-lilla-salen,https://files.venuu.se/attachments/000/053/284/bf3d12a2edb11c5cbeed1a26bf42b1179c423e12.jpg,926e22b6-47b7-4f96-b2be-ed458eecb211,0.876723484848485,"Best Western Time Hotel Stockholm Vanadisvägen 12, 113 46 Stockholm, Sweden"
,venuu,Hilton Stockholm Slussen,Stockholm,"Guldgränd 8, 104 65 Stockholm",,,,300,5586,"I hjärtat av Stockholm, finns Hilton Stockholm Slussen med en fantastisk utsikt mot Riddarfjärden. Vi har 289 hotellrum där våra Twin Deluxe och Executive rum har fantastisk utsikt över Gamla Stan och Stadshuset. Till våra Executive rum har du även tillgång till vår Executive lounge där det erbjuds drycker och tilltugg under hela dagen.Börja dagen med vår berömda Hilton Breakfast som självklart består av lokala råvaror. Njut av en middag i Eken, och fortsätt kvällen med en god cocktail medan du blickar ut över vattnet.På Hilton Stockholm Slussen erbjuder vi 16 lokaler för spektakulära möten, stora middagar, privata fester och arrangemang. Ert event är vårt huvudfokus och vi vill bemöta er med personlig service och flexibilitet så att eventet blir så lyckat som möjligt. Vi skräddarsyr gärna eventet enligt era önskemål.",https://venuu.se/lokaler/hilton-stockholm-slussen,https://files.venuu.se/attachments/000/120/258/792d46e536facb8f31f7560fb6c41bea2b963756.jpg,2182cbd8-5fd5-4880-8ef2-bf1c608e27d2,0.9777777777777777,"Hilton Stockholm Slussen Stockholm Guldgränd 8, 104 65 Stockholm, Sweden"
,venuu,Ivar Stockholm,Stockholm,"Västra Trädgårdsgatan 15, 111 53 Stockholm",Tändstickan,,,25,,"TÄNDSTICKANFem fönster mot Västra Trädgårdsgatan, ett av Kreugers många kassaskåp och plats för 25 personer gör Tändstickan till en trygg plats att fatta lite tyngre beslut.""Stockholms kanske mest klassiska affärsadress är vår. Efter en del renovering och väldigt mycket kärlek är Tändstickspalatset åter en plats för viktiga samtal och stora beslut. Det mesta är anpassat till idag utan att de vackraste detaljerna från igår gått förlorade. I mötesrummen finns plats för 4 till 36 personer, i auditoriet sitter upp till 60 personer bekvämt. Och på gården, vid fontänen, är allt som vanligt. Som om ingenting har hänt. Väl här kommer du förstå vad vi menar."" Varmt välkomna till Kapitel 8 och Tändstickspalatset",https://venuu.se/lokaler/ivar-stockholm-tandstickan,https://files.venuu.se/attachments/000/215/207/f7544086b627cf3ad6d2072e6ccf61c7a4433652.jpg,2182cbd8-5fd5-4880-8ef2-bf1c608e27d2,0.9777777777777777,"Hilton Stockholm Slussen Stockholm Guldgränd 8, 104 65 Stockholm, Sweden"
,venuu,Int. Pressklubben,Stockholm,"Vasagatan 50, 11120 Stockholm",Stora Valvet,,,30,10500,"Konferera på PressklubbenPå Pressklubben kan ni boka in allt från stora som små konferenser, personliga intervjuer i något av våra bås eller en intim styrelsemiddag i vårt chambre séparée. Vi presenterar en matupplevelse i form av en tvårätterslunch med förstklassiga råvaror.Avsluta gärna er konferens med att boka in en middag eller belgisk ölprovning med någon av våra professionella provningsledare.KONFERENSStora valvet - Här kan ni konferera upp till 30 personer i privat miljö i en lokal med anor från 1800-talet Tillgång till projektor, whiteboardtavla samt WiFi.HITTA HITTill Pressklubben hittar du enklast genom att ta tunnelbanan till T-Centralen. Uppgången heter Vasagatan.",https://venuu.se/lokaler/int-pressklubben-stora-valvet,https://files.venuu.se/attachments/000/016/850/902c8129fd6fc2e5959a94d53b0e3ec0ba8934ae.jpg,2182cbd8-5fd5-4880-8ef2-bf1c608e27d2,0.9777777777777777,"Hilton Stockholm Slussen Stockholm Guldgränd 8, 104 65 Stockholm, Sweden"
,venuu,Klara Stockholm,Stockholm,"Klarabergsviadukten 90, 111 64 Stockholm",Bohemen,,,24,,BOHEMENDet blir alltid ett lugnt och bra ljus i Bohemen. På sommaren öppnar vi dörrarna till balkongen och låter gardinerna försiktigt röra sig i vinden. Oftast är rummet möblerat som en hästsko och oftast är det bokat för små konferenser.Med två välkomnande anläggningar inom samma koncern och med total 25 rum i varierande storlek har vi alltid något för dig. Den senaste tekniken och alla tänkbara hjälpmedel väntar på er. Både Ivar (Tändstickspalatset ) och Klara Stockholm har vardera vackra matsalar där det serveras en perfekt avvägd lunch varje dag. Välkomna till Klara Stockholm och Ivar Stockholm!,https://venuu.se/lokaler/klara-stockholm-bohemen,https://files.venuu.se/attachments/000/016/545/729a586a762f90938714556972cd6fa5e213d3e4.jpg,2182cbd8-5fd5-4880-8ef2-bf1c608e27d2,0.9777777777777777,"Hilton Stockholm Slussen Stockholm Guldgränd 8, 104 65 Stockholm, Sweden"
,venuu,Klara Stockholm,Stockholm,"Klarabergsviadukten 90, 111 64 Stockholm",Broder Tor,,,16,,"BRODER TOREtt av våra mindre rum med plats för 16 personer. Ibland är det en styrelse som förbereder sig, ibland ett mindre företag som samlar sig. Rummet är utrustat med det du behöver och två mycket stora pilatesbollar.Med två anläggningar och 25 rum i varierande storlek har vi alltid något för dig. Den senaste tekniken och alla tänkbara hjälpmedel väntar på er. Både Tändstickspalatset och Klara Strand har en vacker matsal där det serveras en perfekt avvägd affärslunch varje dag.Välkomna till Ivar (Tändstickspalatset) och Klara Stockholm!",https://venuu.se/lokaler/klara-stockholm-broder-tor,https://files.venuu.se/attachments/000/014/597/837b796b91a7a262934cbed3faa63b6d177df4fb.jpg,2182cbd8-5fd5-4880-8ef2-bf1c608e27d2,0.9777777777777777,"Hilton Stockholm Slussen Stockholm Guldgränd 8, 104 65 Stockholm, Sweden"
,venuu,Noors Slott,Knivsta,"Ledingevägen 93, 741 44 Knivsta",Kungssalen,,,60,9500,"Fantastiska Kungssalen med 4 grupprum intill! En våning upp i slottet ligger vår stora lokal Kungssale med dess 4 grupprum. I salen finns tillgång till dator och projektor, högtalartelefon, högtalaranläggning, fri tillgång till trådlöst internet via fiber, blädderblock och whiteboard. Vi dukar borden med block och penna. På buffén finns mineralvatten, frukt och godis. Lokalens mått är 10 x 7m. Det finns även 4 grupprum alldeles intill lokalen, med kakelugnar och historiska inslag som skapar trivsel och atmosfär.En konferens hos oss innebär kvalitetstid. Varje grupp som gästar hos oss arbetar i en egen byggnad, äter luncher och middagar i egen matsal och styr över sin tid. Det ger en perfekt grund för ostörda diskussioner, kreativt arbete och välgrundade beslut.",https://venuu.se/lokaler/noors-slott-kungssalen,https://files.venuu.se/attachments/000/053/897/9b9a30b01362d12df7fed7607e9e9f3e37e1bc3f.jpg,2182cbd8-5fd5-4880-8ef2-bf1c608e27d2,0.9777777777777777,"Hilton Stockholm Slussen Stockholm Guldgränd 8, 104 65 Stockholm, Sweden"
,venuu,Klara Stockholm,Stockholm,"Klarabergsviadukten 90, 111 64 Stockholm",Viktor Arendorff,,,48,,"VIKTOR ARENDORFF Plötsligt är man tillbaka på universitet. Men allt är ljusare, modernare, finare och det står inte en massa pappmuggar överallt. Katedern tar för sig och den vanligaste möbleringen är inte helt oväntat: ""skolsittning"".Med två anläggningar och 25 rum i varierande storlek har vi alltid något för dig. Den senaste tekniken och alla tänkbara hjälpmedel väntar på er. Både Tändstickspalatset och Klara Strand har en vacker matsal där det serveras en perfekt avvägd affärslunch varje dag.Välkomna till Kapitel 8 och Klara Strand!",https://venuu.se/lokaler/klara-stockholm-viktor-arendorff,https://files.venuu.se/attachments/000/014/584/c64c1e77c65af79f180d2e2d285ab53ee3655f8b.jpg,2182cbd8-5fd5-4880-8ef2-bf1c608e27d2,0.9777777777777777,"Hilton Stockholm Slussen Stockholm Guldgränd 8, 104 65 Stockholm, Sweden"
,venuu,Klara Stockholm,Stockholm,"Klarabergsviadukten 90, 111 64 Stockholm",Fogelström,,,20,,FOGELSTRÖMEn trappa ner till vänster ligger Fogelström och väntar. Avsides och lagom för er som inte är fler än 20 personer. Inredningen har egen stil och precis utanför väntar rummets egna lounge.Med två anläggningar och 25 rum i varierande storlek har vi alltid något för dig. Den senaste tekniken och alla tänkbara hjälpmedel väntar på er. Både Tändstickspalatset och Klara Strand har en vacker matsal där det serveras en perfekt avvägd affärslunch varje dag.Välkomna till Kapitel 8 och Klara Strand!,https://venuu.se/lokaler/klara-stockholm-fogelstrom,https://files.venuu.se/attachments/000/014/594/35fbab3328c4c11f74822353b1249f91f5f2f3b9.jpg,2182cbd8-5fd5-4880-8ef2-bf1c608e27d2,0.9777777777777777,"Hilton Stockholm Slussen Stockholm Guldgränd 8, 104 65 Stockholm, Sweden"
,venuu,Hasselbacken,Stockholm,"Hazeliusbacken 20, 100 55 Stockholm",Prince,,,30,,"Vi på Hotell Hasselbacken välkomnar både små och stora sällskap. Vi kan även arrangera kongresser i samarbete med Cirkus för upp till 1 600 personer.Den halvmörka interiören i mötesrummet Prince balanseras fint upp av det naturliga ljusinsläppet från de stora fönstren ut mot ljusgården. Den rymliga takhöjden bidrar till att det 35 kvm stora rummet känns större och luftigare. Här kommer ni garanterat finna ro och produktivitet, oavsett syfte. Passar utmärkt för möte såväl som biosittning då det har en kapacitet för max 30 personer, med möjlighet för mörkläggning.Utanför dörren väntar Djurgårdens fantastiska utbud av rekreation och kultur. På gångavstånd ligger Skansen, Gröna Lund, ABBA-museet, Vasamuseet, Liljevalchs konsthall och andra sevärdheter.Hotellrum, festvåning och möteslokaler är helrenoverade, i en blandning av klassisk elegans och moderna bekvämligheter. På matfronten erbjuder vi förstklassiga måltider i vår restaurang, serverade i vacker miljö med utsikt över parken. Vi har även en spännande vinkällare och ordnar vin- och ölprovningar. På våren öppnar terrassen med tillhörande park, där du både kan äta och dricka i någon av de två barerna.",https://venuu.se/lokaler/hasselbacken-prince,https://files.venuu.se/attachments/000/155/947/2d0066b9dddb3344754fcb76186cee04105a25a6.jpg,2182cbd8-5fd5-4880-8ef2-bf1c608e27d2,0.9777777777777777,"Hilton Stockholm Slussen Stockholm Guldgränd 8, 104 65 Stockholm, Sweden"
,venuu,Sjöfartshuset,Stockholm,"Skeppsbron 10, 111 29 Stockholm",Skeppsbrorummet,,,54,5990,"Hos oss har du möjlighet att arrangera er följande konferens eller möte. Skeppsbrorummet med tillhörande Gustavianska Salonger är en vacker paradvåning som är välbevarad från sin tid. Ljusa salonger med höga fönster som har utsikt ut mot vattnet och Stockholms ström. I priset ingår 2 st grupprum möblerade med soffgrupper i Gustaviansk stil. Ifall du önskar boka konferens i Skeppsbrorummet hittar du kapacitet för olika sittningar nedan:- U-bord, max. 20 pers.- Skolsittning, max. 30 pers.- Biosittning, max. 50 pers.Skeppsbrorummet är vårt näst största mötesrum och är beläget på våning 1 med tillhörande Gustavianska Salonger. Vackra ljusa 1600-tals salonger i Gamla Stan med en fantastisk utsikt och vacker miljö. Inredningen går i pasteller med Gustaviansk inredning. Välarbetade utsnidade dörröverstycken av Louise Mezerli ramar in entréerna till de olika salongerna och de ljuva rummen förmedlar ett lugn och inspirerar till kreativitet. Välkomna till Sjöfartshusets Festvåningar och Gamla stan i Stockholm!",https://venuu.se/lokaler/sjofartshuset-skeppsbrorummet-stockholm,https://files.venuu.se/attachments/000/058/358/7a91862a7d215c61eee856264c5ad29a24ae56e2.jpg,2182cbd8-5fd5-4880-8ef2-bf1c608e27d2,0.9777777777777777,"Hilton Stockholm Slussen Stockholm Guldgränd 8, 104 65 Stockholm, Sweden"
,venuu,Klara Stockholm,Stockholm,"Klarabergsviadukten 90, 111 64 Stockholm",Fru Björk,,,8,,"FRU BJÖRKFru Björk är ett mysigt rum som passar för mer intima möten och för den mindre gruppen. Här får 8 personer plats i styrelsesittning.Mitt i pånyttfödda Klarakvarteren väntar en inspirerande miljö på dig och ditt möte. 12 smakfullt inredda mötesrum i varierande storlek med alltifrån små grupprum till vår fina hörsal för 96 personer. Lokalerna är modernt inredda och med den teknik som just du behöver.Varje dag dukas det upp en ekologisk frukost som efter lunch förvandlas till en buffé av hembakta bullar, hallonrutor och andra godsaker. Lunchen serveras i egen matsal där ljuset och rymden gör måltiden till en upplevelse. Väl här kommer du förstå vad vi menar med ""Välkommen hem till oss!”Varmt välkomna till Kapitel 8 och Klara Strand!",https://venuu.se/lokaler/klara-stockholm-fru-bjork,https://files.venuu.se/attachments/000/037/474/a54d2e29c78cb347446aad66dc892a6779b82813.jpg,2182cbd8-5fd5-4880-8ef2-bf1c608e27d2,0.9777777777777777,"Hilton Stockholm Slussen Stockholm Guldgränd 8, 104 65 Stockholm, Sweden"
,venuu,Världskulturmuseet,Göteborg,"Södra Vägen 54, 412 54 Göteborg",Seminarierum 3,,,63,8000,"Världskulturmuseets kärna utgörs av den stora ljusa trappan, och i museet finns många spännande ytor att mötas på. Här finns fyra seminarierum och ett auditorium samt de fem utställningsgallerierna som placerar gästerna mitt i vår tids spännande frågeställningar.Världskulturmuseet har varit värd för företagsevent, kundmingel, modevisningar, mässor och privata middagar. Museet är även en utmärkt lokal för bröllop och andra privata högtidsstunder.Museets ljusa och moderna arkitektur erbjuder fantastiska möjligheter att skräddarsy event, alltifrån den stora mässan till det lilla mötet. I Seminarierum 3 ryms max 63 personer sittande.",https://venuu.se/lokaler/varldskulturmuseet-seminarierum-3,https://files.venuu.se/attachments/000/052/789/123051393ee7876eaebf57095a061e07e5069d45.jpg,2182cbd8-5fd5-4880-8ef2-bf1c608e27d2,0.9777777777777777,"Hilton Stockholm Slussen Stockholm Guldgränd 8, 104 65 Stockholm, Sweden"
,venuu,van der Nootska Palatset,Stockholm,"S:t Paulsgatan 21, 118 46 Stockholm",Lilla Biblioteket,,,19,6200,"Lilla Biblioteket, beläget i Palatsets vindsvåning med fönster i två väderstreck. Effektiv konferensmöblering kontrasterar den gamla biblioteksinredningen. Rummet passar för konferensen upp till 19 personer. Gör nästa konferens, möte eller sammanträde till något speciellt. van der Nootska Palatset erbjuder nio konferenslokaler i olika storlekar - alla med sin speciella charm! Palatsets 300-åriga charm kommer garanterat att göra nästa konferens till en succé!Till varje konferens hör god mat och dryck! Palatset kan erbjuda allt från en slät kopp kaffe, till en lyxig tre-rätters middag. Önskar ni snittar, tapas eller dylikt ordnar vi naturligtvis det.Julbord på palatset 2022Vad sägs om en magisk julmiddag i ett anrikt palats med Fanny- och Alexanderstämning i varenda vrå? Välkommen till van der Nootska palatsets jul. I år serveras julmiddagen direkt till bordet i fyra serveringar och innehåller bland annat sill, lax, kallskuret, julgris och klassiska sötsaker. Julbordet serveras från den 23 november till den 22 december och kostar 737-889 kr (exkl. moms) beroende på dag och tid. Vill du veta mer eller boka bord? Kontakta oss via: info@vandernootska.se",https://venuu.se/lokaler/van-der-nootska-palatset-lilla-biblioteket,https://files.venuu.se/attachments/000/051/615/d81584a80593d9b44d9151c7b27f77c1ad350142.jpg,2182cbd8-5fd5-4880-8ef2-bf1c608e27d2,0.9777777777777777,"Hilton Stockholm Slussen Stockholm Guldgränd 8, 104 65 Stockholm, Sweden"
,venuu,Nalen Ceders Salong,Stockholm,"Regeringsgatan 74, 111 39 Stockholm",,,,30,5000,"Ceders Salong är ett magnifikt hörnrum med fönster åt både Regeringsgatan och David Bagares gata. Rummet har flexibel möblering som gör att det finns olika möjligheter till möteslösningar - såväl konventionella som okonventionella.Läget är idealiskt, mitt i Stockholm city, nära till allmänna kommunikationer.I Ceders salong ingår projektor, alternativt LCD-skärm. Digital konferens finns tillgängligt, bokas senast 1 vecka före arrangemang och offereras separat. Precis som i alla våra andra konferenslokaler så finns en grundutrustning med wifi, TV, whiteboard, blädderblock, block och pennor.När ni bokar Nalens lokaler så får ni en kontaktperson som håller i den generella detaljplaneringen och på plats tar våra konferensvärdar och hovmästare hand om er.Hur klarar man en heldagskonferens utan en härlig lunch? För kortare möten finns såklart färska smörgåsar, bakverk och fruktkorg.För oss på Nalen är hantverket bakom maten lika viktigt, oavsett om ni är två eller två hundra gäster. Vi lagar all mat och fika från grunden i vårt egna svanenmärkta kök, i Nalen Restaurang.Våra palatsliknande salar och vackra rum skänker oslagbar glans och charm till konferenser och möten. Välj bland sju möteslokaler i olika storlek, från 2 till 450 personer.Varmt välkomna!",https://venuu.se/lokaler/nalen-ceders-salong,https://files.venuu.se/attachments/000/012/383/3b87c7453690f2c65bb97fcaef818ce984c5d777.jpg,2182cbd8-5fd5-4880-8ef2-bf1c608e27d2,0.9777777777777777,"Hilton Stockholm Slussen Stockholm Guldgränd 8, 104 65 Stockholm, Sweden"
,venuu,Brygghuset,STOCKHOLM,"Norrtullsgatan 12N, 11327 STOCKHOLM",Möteslokal 20 personer,,,20,8760,"Bara ett stenkast från Odenplan. Detta vackra K-märkta hus är utformat för möten mellan människor - oavsett om det gäller möten, kickoffs, coworking, livekonserter, bröllop eller andra händelser värda något extra. Allt samlat under ett och samma tak.Detta mötesrum är beläget på plan 3, högst upp i huset. Rummet på 42 kvm rymmer upp till 20 personer och är utrustat med projektor. På samma våningsplan finns loungeytor för kaffepausen.",https://venuu.se/lokaler/brygghuset-moteslokal-20-personer,https://files.venuu.se/attachments/000/191/555/6b38c501a46f9bc65624cf210a76798c085e6cac.jpg,2182cbd8-5fd5-4880-8ef2-bf1c608e27d2,0.9777777777777777,"Hilton Stockholm Slussen Stockholm Guldgränd 8, 104 65 Stockholm, Sweden"
,venuu,Hasselbacken,Stockholm,"Hazeliusbacken 20, 100 55 Stockholm",Auditorium Tiara,,,98,,"Vi på Hotell Hasselbacken välkomnar både små och stora sällskap. Vi kan även arrangera kongresser i samarbete med Cirkus för upp till 1 600 personer. Auditorium Tiara rymmer upp till 98 personer. Lokalen har inga fönster men en utmärkt belysning. Utanför dörren väntar Djurgårdens fantastiska utbud av rekreation och kultur. På gångavstånd ligger Skansen, Gröna Lund, ABBA-museet, Vasamuseet, Liljevalchs konsthall och andra sevärdheter.Hotellrum, festvåning och möteslokaler är helrenoverade, i en blandning av klassisk elegans och moderna bekvämligheter. På matfronten erbjuder vi förstklassiga måltider i vår restaurang, serverade i vacker miljö med utsikt över parken. Vi har även en spännande vinkällare och ordnar vin- och ölprovningar. På våren öppnar terrassen med tillhörande park, där du både kan äta och dricka i någon av de två barerna.",https://venuu.se/lokaler/hasselbacken-auditorium-tiara,https://files.venuu.se/attachments/000/155/839/acdf1bc5fce880c8ad97bd3d890534243fe64fd3.jpg,2182cbd8-5fd5-4880-8ef2-bf1c608e27d2,0.9777777777777777,"Hilton Stockholm Slussen Stockholm Guldgränd 8, 104 65 Stockholm, Sweden"
,venuu,Hasselbacken,Stockholm,,King,,,,,,https://venuu.se/lokaler/hasselbacken-king,https://files.venuu.se/attachments/000/155/941/85190581fb28dcce1094115b2fca1b1c51c87081.jpg,2182cbd8-5fd5-4880-8ef2-bf1c608e27d2,0.9777777777777777,"Hilton Stockholm Slussen Stockholm Guldgränd 8, 104 65 Stockholm, Sweden"
,venuu,Brygghuset,STOCKHOLM,"Norrtullsgatan 12N, 11327 STOCKHOLM",Möteslokal 16 personer,,,16,8760,"Bara ett stenkast från Odenplan. Detta vackra K-märkta hus är utformat för möten mellan människor - oavsett om det gäller möten, kickoffs, coworking, livekonserter, bröllop eller andra händelser värda något extra. Allt samlat under ett och samma tak.Ett luftigt och modernt mötesrum på 37 kvm för upp till 16 personer. Här ingår 85"" skärm och videoteknik för upp till ca 10p. Tillgång till loungeytor på samma våningsplan.",https://venuu.se/lokaler/brygghuset-moteslokal-16-personer,https://files.venuu.se/attachments/000/191/548/5ba13c3db01aa0f534bcc4d4e831bf616478e655.jpg,2182cbd8-5fd5-4880-8ef2-bf1c608e27d2,0.9777777777777777,"Hilton Stockholm Slussen Stockholm Guldgränd 8, 104 65 Stockholm, Sweden"
,venuu,Sjöfartshuset,Stockholm,"Skeppsbron 10, 111 30 Stockholm",Sjömannarummet & Kajutan,,,15,3540,"Våra minsta men mycket omtyckta mötessalonger passar perfekt för 2 upp till 11 personer i styrelsesittning. Båda rummen, Kajutan och Redarrummet, är likvärdiga med sin inredning med marina inslag. Båda rummen har vackra mässingsdetaljer och charmiga fönster som vetter ut mot Gamla Stans gränder.Redarrummet totalrenoverades omsorgsfullt 2014 och ligger i anslutning till en liten innergård på våning 1 medan Kajutan angränsar till den Italienska salongen med havsutsikt och som med fördel kan bokas in som ett extra grupprum.Välkomna till Sjöfartshusets Festvåningar och Gamla stan i Stockholm",https://venuu.se/lokaler/sjofartshuset-sjomannarummet-kajutan,https://files.venuu.se/attachments/000/056/929/757a3c1cd21d5b8dc177ea89f8448a24df5f5f55.jpg,2182cbd8-5fd5-4880-8ef2-bf1c608e27d2,0.9777777777777777,"Hilton Stockholm Slussen Stockholm Guldgränd 8, 104 65 Stockholm, Sweden"
,venuu,Noors Slott,Knivsta,"Ledingevägen 93, 741 44 Knivsta",Carolus,,,32,6500,"Konferenslokalen Carolus med sin fantastiska Sjöveranda ligger i flygeln intill slottet. Bokar ni er konferens i denna lokal har ni då även tillgång till vår fina Sjöveranda som grupprum och för kaffepauser.I konferenslokalen finns stationär dator med högtalare, dataprojektor, högtalartelefon, fri tillgång till trådlöst Internet via fiber, blädderblock & whiteboard. Vi dukar fram mineralvatten, frukt och godis. Lokalens mått är 9 x 6m + sjöverandan. En konferens hos oss innebär kvalitetstid. Varje grupp som gästar hos oss arbetar i en egen byggnad, äter luncher och middagar i egen matsal och styr över sin tid. Det ger en perfekt grund för ostörda diskussioner, kreativt arbete och välgrundade beslut.",https://venuu.se/lokaler/noors-slott-carolus,https://files.venuu.se/attachments/000/053/891/0917f074167c29d232c3763e675aa900ba7ab722.jpg,2182cbd8-5fd5-4880-8ef2-bf1c608e27d2,0.9777777777777777,"Hilton Stockholm Slussen Stockholm Guldgränd 8, 104 65 Stockholm, Sweden"
,venuu,Brygghuset,STOCKHOLM,"Norrtullsgatan 12N, 11327 STOCKHOLM",Möteslokal 12 personer,,,12,7660,"Bara ett stenkast från Odenplan. Detta vackra K-märkta hus är utformat för möten mellan människor - oavsett om det gäller möten, kickoffs, coworking, livekonserter, bröllop eller andra händelser värda något extra. Allt samlat under ett och samma tak.Detta rum på 27 kvm är perfekt för möten, workshops eller föreläsningar för upp till 12 personer. Här finns en 75” skärm och teknik för videomöten. I anslutning till rummet finns delade loungeytor för era förtjänade kaffepauser.",https://venuu.se/lokaler/brygghuset-moteslokal-12-personer,https://files.venuu.se/attachments/000/191/542/b6dd714c5d4e6eb772c2db3e97ea9a9604ee16f8.jpg,2182cbd8-5fd5-4880-8ef2-bf1c608e27d2,0.9777777777777777,"Hilton Stockholm Slussen Stockholm Guldgränd 8, 104 65 Stockholm, Sweden"
,venuu,Brygghuset,STOCKHOLM,"Norrtullsgatan 12N, 11327 STOCKHOLM",Möteslokal 8 personer,,,8,7220,"Bara ett stenkast från Odenplan. Detta vackra K-märkta hus är utformat för möten mellan människor - oavsett om det gäller möten, kickoffs, coworking, livekonserter, bröllop eller andra händelser värda något extra. Allt samlat under ett och samma tak.Detta rum passar för mindre möten och sammankomster. Rummet är 15 kvm, rymmer upp till 8 personer och är utrustat med 65” skärm samt videoteknik. Precis runt hörnet finns gemensamma loungeytor när ni behöver sträcka på benen.",https://venuu.se/lokaler/brygghuset-moteslokal-8-personer,https://files.venuu.se/attachments/000/191/561/e86f730285e1e29a48dae83bc515a002d8611852.jpg,2182cbd8-5fd5-4880-8ef2-bf1c608e27d2,0.9777777777777777,"Hilton Stockholm Slussen Stockholm Guldgränd 8, 104 65 Stockholm, Sweden"
,venuu,Best Western Kom Hotel,Stockholm,"Döbelnsg. 17 , 111 40  Stockholm",Von Döbeln,,,20,6600,"Von Döbeln är ett fräscht, nyrenoverat konferensrum där du med fördel kan genomföra möten med upp till 25 deltagare. En lång fönsterrad längs rummet ger angenämt dagsljusinsläpp. Lokalen är utrustad med all den teknik som behövs för ett välfungerande möte. Konferenslokalen är miljövänlig och Svanen-märkt.Georg Carl von Döbeln, svensk friherre, generallöjtnant och ryktbar krigshjälte har gett namn åt lokalen. Hans valspråk som friherre var: ""Ära, skyldighet, wilja"", vilket har blivit ett bevingat uttryck och pryder Carl von Döbelns gravsten på S:t Johannes kyrkogård, granne med vårt hotell.",https://venuu.se/lokaler/best-western-kom-hotel-von-dobeln,https://files.venuu.se/attachments/000/051/709/13424215ee2112cb234495eece38c18ca8f179a2.jpg,2182cbd8-5fd5-4880-8ef2-bf1c608e27d2,0.9777777777777777,"Hilton Stockholm Slussen Stockholm Guldgränd 8, 104 65 Stockholm, Sweden"
,venuu,Hotell Continental du Sud,Ystad,"Hamngatan 13, 271 43 Ystad",Galleriet,,,50,,"Continental du Sud i Ystad är Sveriges äldsta hotell och har varit ett hem för livsnjutare och celebriteter i nästan 200 år. Rätt förutsättningar för era mötenI en tidlös miljö erbjuder vi funktionella konferenslokaler för det formella mötet men också ytor för de informella mötena som äger rum mellan kollegor så snart dagordningen är lagd åt sidan. Vi skapar en miljö som ger din konferens rätt förutsättningar för alla typer av möten.Vår restaurang Brasserie du Sud erbjuder välförtjänt återhämtning i en klassisk miljö. Här förfinar och förnyar vi skånska råvaror ständigt, för att alltid presentera nya, utsökta smaker. Det är ingen slump att Henning Mankell valde att placera Kommissarie Wallander som återkommande gäst i restaurangen på Continental du Sud för att varva ner mellan sina utredningar i Ystad.Personlig serviceNär du och dina kollegor anländer, möter våra konferensvärdar er och visar er rätt. Konferensvärdarna finns tillgängliga för era önskemål under hela er vistelse och ser bland annat till att ni alltid har mineralvatten och färsk frukt på rummet.Konferenslokaler efter ditt syfteDin konferens ska alltid ske i den bäst anpassade lokalen för dina syften. På Continental du Sud har vi inrett olika lokaler för att passa varierande behov och storlek på sällskap. För sällskap på 3-60 deltagare kan ni ta del av våra smidiga konferenspaket och är ni fler än 60 deltagare komponerar vi istället ett personligt paket efter era önskemål.",https://venuu.se/lokaler/hotell-continental-du-sud-galleriet,https://files.venuu.se/attachments/000/131/465/b4c79382d947f6ff27375dfb0d87459fe89f3e6a.jpg,2182cbd8-5fd5-4880-8ef2-bf1c608e27d2,0.9777777777777777,"Hilton Stockholm Slussen Stockholm Guldgränd 8, 104 65 Stockholm, Sweden"
,venuu,Best Western Kom Hotel,Stockholm,"Döbelnsg. 17 , 111 40  Stockholm",Svea,,,30,7600,"Svea är ett av våra tre helt nya konferensrum och har en kapacitet på upp till 30 personer. Här kan du välja mellan att möblera med bio-, skol eller u-bordssittning. Lokalen ligger avskilt i en separat fastighet och är fullt utrustad för att möta alla moderna konferensbehov och är dessutom miljövänlig och Svanen-märkt.Lokalen är döpt efter Sveavägen, Stockholms 2,5 km långa paradgata. Det äldsta kända namn är Roslagzgathun (1648). Enligt en ofta skildrad, men felaktig, uppgift hade Kung Gustav III visioner om en stor, esplanadliknande gata från Stockholms slott till Brunnsviken, som visuellt skulle sluta i Stora Haga slott, vars rester idag är Haga slottsruin (ej dagens Haga slott).",https://venuu.se/lokaler/best-western-kom-hotel-svea,https://files.venuu.se/attachments/000/122/958/b05e3fcafde4affbf5bec523d01a202e80b3671a.jpg,2182cbd8-5fd5-4880-8ef2-bf1c608e27d2,0.9777777777777777,"Hilton Stockholm Slussen Stockholm Guldgränd 8, 104 65 Stockholm, Sweden"
,venuu,Världskulturmuseet,Göteborg,"Södra Vägen 54, 412 54 Göteborg",Seminarierum 1,,,20,5500,"Världskulturmuseets kärna utgörs av den stora ljusa trappan, och i museet finns många spännande ytor att mötas på. Här finns fyra seminarierum och ett auditorium samt de fem utställningsgallerierna som placerar gästerna mitt i vår tids spännande frågeställningar. Museets ljusa och moderna arkitektur erbjuder fantastiska möjligheter att skräddarsy event, alltifrån den stora mässan till det lilla mötet. Världskulturmuseet har varit värd för företagsevent, kundmingel, modevisningar, mässor och privata middagar. Museet är även en utmärkt lokal för bröllop och andra privata högtidsstunder.I Seminarierum 1 ryms max 20 personer i styrelsesittning.",https://venuu.se/lokaler/varldskulturmuseet-seminarierum-1,https://files.venuu.se/attachments/000/030/959/61417b4edac446cfb42a2f5a9e3435faffa87b0c.jpg,2182cbd8-5fd5-4880-8ef2-bf1c608e27d2,0.9777777777777777,"Hilton Stockholm Slussen Stockholm Guldgränd 8, 104 65 Stockholm, Sweden"
,venuu,Nalen National,Stockholm,"Regeringsgatan 74, 111 39 Stockholm",,,,18,5000,"National är ett avlångt rum med ett gigantiskt styrelsebord med plats för 18 personer. Rummet har fönster längs med ena långsidan mot Regeringsgatan som gör rummet väldigt ljust och luftigt. National pryds av två fina kakelugnar från 1800 talet.I National ingår projektor alternativt LCD-skärm. Digital konferens finns tillgängligt, bokas senast 1 vecka före arrangemang och offereras separat. Precis som i alla våra andra konferenslokaler så finns en grundutrustning med wifi, TV, whiteboard, blädderblock, block och pennor.När ni bokar Nalens lokaler så får ni en kontaktperson som håller i den generella detaljplaneringen och på plats tar våra konferensvärdar och hovmästare hand om er.Hur klarar man en heldagskonferens utan en härlig lunch? För kortare möten finns såklart färska smörgåsar, bakverk och fruktkorg.För oss på Nalen är hantverket bakom maten lika viktigt, oavsett om ni är två eller två hundra gäster. Vi lagar all mat och fika från grunden i vårt egna svanenmärkta kök, i Nalen Restaurang.Våra palatsliknande salar och vackra rum skänker oslagbar glans och charm till konferenser och möten. Välj bland sju möteslokaler i olika storlek, från 2 till 450 personer.Varmt välkomna!",https://venuu.se/lokaler/nalen-national,https://files.venuu.se/attachments/000/052/511/021fcdcf8610f139df51f1cef2aa10e494498e7b.jpg,2182cbd8-5fd5-4880-8ef2-bf1c608e27d2,0.9777777777777777,"Hilton Stockholm Slussen Stockholm Guldgränd 8, 104 65 Stockholm, Sweden"
,venuu,Best Western Kom Hotel,Stockholm,"Döbelnsg. 17 , 111 40  Stockholm",Brunkeberg,,,100,14100,"Brunkeberg är vår största lokal med kapacitet upp till 100 personer och möjlighet till många olika sittningar. Det upphöjda podiet, gör att talaren är väl synlig vart du än sitter och en lång rad fönster samt takfönster ger fantastiskt bra dagsljusinsläpp i hela lokalen. Konferenslokalen är miljövänlig och Svanen-märkt.Sitt namn har lokalen fått av Brunkebergstorg som ligger ett stenkast från vårt hotell, mest känt för slaget vid Brunkeberg som utkämpades den 10 oktober 1471. En ryktbar drabbning mitt i nuvarande Stockholm City och som ofta beskrivs som den danska invasionen av Sverige.",https://venuu.se/lokaler/best-western-kom-hotel-brunkeberg,https://files.venuu.se/attachments/000/051/459/1d51fb2c67c73c4cd5a8b45a95330fe9378079ed.jpg,2182cbd8-5fd5-4880-8ef2-bf1c608e27d2,0.9777777777777777,"Hilton Stockholm Slussen Stockholm Guldgränd 8, 104 65 Stockholm, Sweden"
,venuu,Best Western Kom Hotel,Stockholm,"Döbelnsg. 17, 111 40 Stockholm",Birger,,,60,11150,"Birger är ett modernt konferensrum. Med utrymme för 60 personer kan du välja mellan flera olika sittningar och anpassa lokalen helt efter dina mötesbehov. Projektor, kateder och pulpet finns som standard i lokalen. Den har dagsljus och är inredd i ljusa färger, är fullutrustad, miljövänlig och Svanen-märkt.Birger Jarlsgatan, som gett namn åt lokalen, har anor från 1680-talet. Gatan, som idag är en av Stockholms större och längre gator, fick sin sträckning längs den igenfyllda ”Rännilen” – en bäck som avvattnade sjön Träsket och sträckte sig från Brunnsviken via Jarlaplan till Nybroviken. Gatan fick sitt namn 1885 av Jarlen Birger Magnusson, Birger jarl, som av tradition anses ha grundat Stockholm.",https://venuu.se/lokaler/best-western-kom-hotel-birger,https://files.venuu.se/attachments/000/023/270/3da5a7bde269bc067fa1b288c889249f3c3de521.jpg,2182cbd8-5fd5-4880-8ef2-bf1c608e27d2,0.9777777777777777,"Hilton Stockholm Slussen Stockholm Guldgränd 8, 104 65 Stockholm, Sweden"
,venuu,Ivar Stockholm,Stockholm,"Västra Trädgårdsgatan 15, 111 53 Stockholm",Svalan,,,16,,"SVALANI fönstret står en modell av världens då snabbaste motorbåt 'Svalan'. Utan problem möts 16 personer i rummet med samma namn som motorbåten.""Stockholms kanske mest klassiska affärsadress är vår. Efter en del renovering och väldigt mycket kärlek är Tändstickspalatset åter en plats för viktiga samtal och stora beslut. Det mesta är anpassat till idag utan att de vackraste detaljerna från igår gått förlorade. I mötesrummen finns plats för 4 till 36 personer, i auditoriet sitter upp till 60 personer bekvämt. Och på gården, vid fontänen, är allt som vanligt. Som om ingenting har hänt. Väl här kommer du förstå vad vi menar.""Varmt välkomna till Kapitel 8 och Tändstickspalatset!",https://venuu.se/lokaler/ivar-stockholm-svalan,https://files.venuu.se/attachments/000/014/527/24e78b8892e216dea09ebf2894216934e4a43fa4.jpg,2182cbd8-5fd5-4880-8ef2-bf1c608e27d2,0.9777777777777777,"Hilton Stockholm Slussen Stockholm Guldgränd 8, 104 65 Stockholm, Sweden"
,venuu,Best Western Kom Hotel,Stockholm,"Döbelnsg. 17, 111 40  Stockholm",Tegnér,,,36,7600,"Tegnér är kanske vår ljusaste konferenslokal, med fönster på hela sidan mot Kammakargatan som ger ett härligt ljusinsläpp. Vid behov mörklägger du enkelt lokalen för visning av film eller bildspel. 
 Rummet är lämpligt för grupper med 16-36 personer och är, som alla våra konferenslokaler, Svanen-märkt och klimatkompenserad. Lokalen är döpt efter skalden och biskopen Esaias Tegnér, en av Sveriges mest ryktbara och tillika medlem av Svenska Akademien. Han förärades en egen gata, Tegnérgatan, i Stockholms gaturevision år 1885 och de ligger precis nedanför vårt hotell.",https://venuu.se/lokaler/best-western-kom-hotel-tegner,https://files.venuu.se/attachments/000/051/702/2461f8281185cc17105949816110d2b9a026fedd.jpg,2182cbd8-5fd5-4880-8ef2-bf1c608e27d2,0.9777777777777777,"Hilton Stockholm Slussen Stockholm Guldgränd 8, 104 65 Stockholm, Sweden"
,venuu,Best Western Kom Hotel,Stockholm,"Döbelnsg. 17, 111 40 Stockholm",Sture,,,60,11150,"Sture är det tredje av våra helt nybyggda konferensrum som ligger i vår nya, separata konferensavdelning Törnet med tillgång till egen konferens-lounge. Med utrymme för 70 personer kan du välja mellan flera olika sittningar och anpassa lokalen helt efter konferensbehov du har. Lokalen är fullutrustad, miljövänlig och Svanen-märkt.Även den här lokalen har fått sitt namn från en av våra närbelägna gator, Sturegatan, som i sin tur fått sitt namn från den adliga Sture-ätten vars mest kända medlemmar är riksföreståndarna Sten Sture den äldre, Svante Nilsson (Sture) och Sten Sture den yngre. Gatan, som anlades på till 1860-talet de kålgårdar och trädgårdstäppor som löpte utmed östra sidan av Humlegården, fick sin nuvarande sträckning från Stureplan till Valhallavägen 20 år senare.",https://venuu.se/lokaler/best-western-kom-hotel-sture,https://files.venuu.se/attachments/000/023/273/6a522be9da4dc0aad346404536815ab4d9fc44c9.jpg,2182cbd8-5fd5-4880-8ef2-bf1c608e27d2,0.9777777777777777,"Hilton Stockholm Slussen Stockholm Guldgränd 8, 104 65 Stockholm, Sweden"
,venuu,Ersta Konferens & hotell,Stockholm,"Erstagatan 1K, 116 28 Stockholm",Norrbysalen,,,60,8900,"Det är inte svårt att förstå varför Norrbysalen är vår populäraste lokal. Ljus och luftig med stora fönster som vetter mot Djurgården. I den här lokalen finns det möjlighet att välja olika möblering men om man väljer biosittning finns det plats för upp till 60 personer. Norrbysalen är uppkallad efter Johannes Norrby som var direktor på Ersta diakoni under 1910-1936. Från början användes salen som matsal, möblerad med tre stora bord. Vid mittenbordet satt diakonissorna och prästerna, vid fönstret satt provsystrarna och vid väggen satt eleverna. När verksamheten växte och det behövdes mer plats användes även den intilliggande bönsalen (idag Bringsalen) för måltider. Den magnifika kristallkronan som hänger i Norrbysalen donerades till Ersta Diakonisällskap år 1940.Idag är Norrbysalen vår mest bokade lokal och används ofta till kurser och utbildningar av olika slag. Salen erbjuder god teknisk utrustning och kan möbleras väldigt flexibelt efter önskemål.",https://venuu.se/lokaler/ersta-konferens-hotell-norrbysalen,https://files.venuu.se/attachments/000/076/488/54041d220b0232276884101172e01de1decce68e.jpg,2182cbd8-5fd5-4880-8ef2-bf1c608e27d2,0.9777777777777777,"Hilton Stockholm Slussen Stockholm Guldgränd 8, 104 65 Stockholm, Sweden"
,venuu,van der Nootska Palatset,Stockholm,"S:t Paulsgatan 21, 118 46 Stockholm",Stallet,,,20,7900,"Stallet, Palatsets gårdsbyggnad, ursprungligen uppförd för den dåtida ägarens fyrfota vänner, idag omgjort till ett ""châmbre separé"" för den kreativa konferensen. Stallet lämpar sig för grupper upp till 20 personer. Ett hus i tre våningar till Ert förfogande. Konferenssal på det gamla höloftet med synliga takbjälkar, tre effektiva grupprum på mellanplanet, samt ett eget rum för samvaro och avkoppling med glasparti mot Palatsets trädgård.Till varje konferens hör god mat och dryck! Palatset kan erbjuda allt från en slät kopp kaffe, till en lyxig tre-rätters middag. Önskar ni landgångar, snittar, tapas eller dylikt ordnar vi naturligtvis det.Julbord på palatset 2022Vad sägs om en magisk julmiddag i ett anrikt palats med Fanny- och Alexanderstämning i varenda vrå? Välkommen till van der Nootska palatsets jul. I år serveras julmiddagen direkt till bordet i fyra serveringar och innehåller bland annat sill, lax, kallskuret, julgris och klassiska sötsaker. Julbordet serveras från den 23 november till den 22 december och kostar 737-889 kr (exkl. moms) beroende på dag och tid. Vill du veta mer eller boka bord? Kontakta oss via: info@vandernootska.se",https://venuu.se/lokaler/van-der-nootska-palatset-stallet,https://files.venuu.se/attachments/000/025/178/010a0df5f62d01bf87014402e9a828940ab60cc3.jpg,2182cbd8-5fd5-4880-8ef2-bf1c608e27d2,0.9777777777777777,"Hilton Stockholm Slussen Stockholm Guldgränd 8, 104 65 Stockholm, Sweden"
,venuu,Klara Stockholm,Stockholm,"Klarabergsviadukten 90, 111 64 Stockholm",Ängsö,,,80,,ÄNGSÖVårt mötesrum Ängsö är en ljus och rymlig lokal med stora ytor och härliga fönster ut mot Klara Sjö. Ängsö har en egen dekorativt inredd lounge i anslutning till lokalen. En perfekt plats att välkomna till gästerna till eller varför inte avsluta där med ett härligt mingel.Med två välkomnande anläggningar inom samma koncern och med total 25 rum i varierande storlek har vi alltid något för dig. Den senaste tekniken och alla tänkbara hjälpmedel väntar på er. Både Ivar (Tändstickspalatset ) och Klara Stockholm har vardera vackra matsalar där det serveras en perfekt avvägd lunch varje dag. Välkomna till Klara Stockholm och Ivar Stockholm!,https://venuu.se/lokaler/klara-stockholm-angso,https://files.venuu.se/attachments/000/015/189/8c35153e04824824a7d2cfa4cab934c4d1484874.jpg,2182cbd8-5fd5-4880-8ef2-bf1c608e27d2,0.9777777777777777,"Hilton Stockholm Slussen Stockholm Guldgränd 8, 104 65 Stockholm, Sweden"
,venuu,Best Western Kom Hotel,Stockholm,"Döbelnsg. 17 , 111 40  Stockholm",Jutas,,,50,9150,"Jutas är en nyrenoverad konferenslokal med plats för max 50 personer. Beroende på önskemål och behov möbleras lokalen för biosittning, skolsittning, u-sittning eller öar. Dagsljusinsläpp och egen ventilation i lokalen sörjer för ett behagligt klimat hela dagen. Lokalen är Svanen-märkt och klimatkompenserad.Namnet kommer av en liten miniatyrgata i anslutning till hotellet, Jutas backe. Den utgår från Johannesgatan vid S:t Johannes kyrkan och leder till Birger Jarlsgatan. Gatan, i sin tur, fick namnet år 1855 efter Georg Carl von Döbeln som vann slaget vid Jutas i finska kriget 1808. Döbeln vid Jutas är också titeln på en av de mest kända dikterna i Runebergs samling Fänrik Ståls sägner.",https://venuu.se/lokaler/best-western-kom-hotel-jutas,https://files.venuu.se/attachments/000/110/585/b4095f79bd61f9e0b3402e2c884e98c89bc7bb57.jpg,2182cbd8-5fd5-4880-8ef2-bf1c608e27d2,0.9777777777777777,"Hilton Stockholm Slussen Stockholm Guldgränd 8, 104 65 Stockholm, Sweden"
,venuu,Världskulturmuseet,Göteborg,"Södra Vägen 54, 412 54 Göteborg",Seminarierum 4,,,40,6000,"Världskulturmuseets kärna utgörs av den stora ljusa trappan, och i museet finns många spännande ytor att mötas på. Här finns fyra seminarierum och ett auditorium samt de fem utställningsgallerierna som placerar gästerna mitt i vår tids spännande frågeställningar.Världskulturmuseet har varit värd för företagsevent, kundmingel, modevisningar, mässor och privata middagar. Museet är även en utmärkt lokal för bröllop och andra privata högtidsstunder.Museets ljusa och moderna arkitektur erbjuder fantastiska möjligheter att skräddarsy event, alltifrån den stora mässan till det lilla mötet. I Seminarierum 4 ryms max 20 i styrelse eller 40 i biosittning. Lokalen är L-formad och funkar bra som grupprum för 2 grupper.",https://venuu.se/lokaler/varldskulturmuseet-seminarierum-4,https://files.venuu.se/attachments/000/071/330/24162c35c566526700b4bbde04f0a8f55b495b43.jpg,2182cbd8-5fd5-4880-8ef2-bf1c608e27d2,0.9777777777777777,"Hilton Stockholm Slussen Stockholm Guldgränd 8, 104 65 Stockholm, Sweden"
,venuu,Hasselbacken,Stockholm,"Hazeliusbacken 20, 100 55 Stockholm",Princess,,,30,,"Vi på Hotell Hasselbacken välkomnar både små och stora sällskap. Vi kan även arrangera kongresser i samarbete med Cirkus för upp till 1 600 personer.Princess har ett fantastiskt ljusinsläpp, högt i tak, eleganta detaljer och tillgång till inte bara den gemensamma balkongen, utan även en privat. Med möjlighet för diverse olika sittningar kan det 35 kvm stora rummet ha så mycket som 30 personer samtidigt. Beläget på hotellets tredje våning i nära anslutning till mötesrummen Lady och Prince. Ett rum för er som letar efter det där lilla extra till ert möte eller biosittning.Utanför dörren väntar Djurgårdens fantastiska utbud av rekreation och kultur. På gångavstånd ligger Skansen, Gröna Lund, ABBA-museet, Vasamuseet, Liljevalchs konsthall och andra sevärdheter.Hotellrum, festvåning och möteslokaler är helrenoverade, i en blandning av klassisk elegans och moderna bekvämligheter. På matfronten erbjuder vi förstklassiga måltider i vår restaurang, serverade i vacker miljö med utsikt över parken. Vi har även en spännande vinkällare och ordnar vin- och ölprovningar. På våren öppnar terrassen med tillhörande park, där du både kan äta och dricka i någon av de två barerna.",https://venuu.se/lokaler/hasselbacken-princess,https://files.venuu.se/attachments/000/156/022/2f338651078441e26b863da5a21d28102db16d84.jpg,2182cbd8-5fd5-4880-8ef2-bf1c608e27d2,0.9777777777777777,"Hilton Stockholm Slussen Stockholm Guldgränd 8, 104 65 Stockholm, Sweden"
,venuu,Auktionsverket Kulturarena,Göteborg,"Tredje Långgatan 9, 41303 Göteborg",,,,240,,"I det gamla Auktionsverket från 1892 på Tredje Långgatan hittar ni Auktionsverket Kulturarena. Vi erbjuder en unik eventarena i sekelskiftsanda i centrala Göteborg. Här skapar vi alla varianter av konferenser, möten, middagar och fester helt utefter era önskemål. Vi fixar allt från lyxiga bankettmiddagar till storslagna fester. Här sätter endast fantasin gränserna och allt är möjligt från tidig morgon till sen kväll. Varmt välkomna till oss på Auktionsverket Kulturarena!",https://venuu.se/lokaler/auktionsverket-kulturarena,https://files.venuu.se/attachments/000/106/290/176f17288be3f508d50572742af593b221fb6803.jpg,2182cbd8-5fd5-4880-8ef2-bf1c608e27d2,0.9777777777777777,"Hilton Stockholm Slussen Stockholm Guldgränd 8, 104 65 Stockholm, Sweden"
,venuu,Ersta konferens & hotell,Stockholm,"Erstagatan 1K, 116 28 Stockholm",Cederschiöldsalen,,,60,8300,"I den lite nyare tillbyggnaden, Martahuset, ligger Cederschiöldsalen som är en större lokal och populär för utbildning. Möbleringsmöjligheterna i lokalen är många och flexibla. Ena långsidan består av fönster och den andra är täckt med whitebords vilket gör lokalen väldigt användbar. Salen är uppkallad efter syster Marie Cederschiöld som var Ersta diakonis första föreståndarinna. Hon var utbildad i bland annat sjukvård och anstaltsledning vid en diakonissanstalt i Tyskland. Det var Marie som skapade ""Svenska Diakoniss-Sällskapet"" efter den tyska förlagan, sällskapet som startade Sveriges första sjuksköterskeskola.",https://venuu.se/lokaler/ersta-konferens-hotell-cederschioldsalen,https://files.venuu.se/attachments/000/013/581/a07c74120f47376efc685a6c7c588a11a29dee06.jpg,2182cbd8-5fd5-4880-8ef2-bf1c608e27d2,0.9777777777777777,"Hilton Stockholm Slussen Stockholm Guldgränd 8, 104 65 Stockholm, Sweden"
,venuu,Nyböle Lada,Lund,"Nöbbelöv 831, 226 60 Lund",,,,80,12000,"På historisk mark, endast ett stenkast från Lund men ändå mitt på lundaslätten, ligger med bedårande utsikt Nyböle Lada. 2021 öppnade vi upp dörrarna till gården. Här finns utrymme för fest, bröllop och konferenser.Här går det att dansa. Här vill vi att kärlek och kreativa samtal födas och flöda. Nyböle Lada är en plats som inspirerar och manar till engagemang och kreativitet!Vår lada är varsamt renoverad. Allt du ser (och inte ser) i form av material, möbler, porslin och inredning är återbruk, närproducerat och noggrant genomtänkt. Hållbarhet är centralt för oss och genomsyrar allt vi gör. Det är så vi lever! På Nyböle Lada bjuder vi in till stunder att minnas – högt i tak, träbjälkar och med utsikt över den böljande skånska myllan utanför. Vidare har ni och ert sällskap inte bara exklusiv access till allt vår bekväma och genuina lada har att erbjuda men också förmånen att vid bröllop och fest ta med egen mat och dryck. Vi tipsar och hjälper dig gärna med kontakt mot olika cateringleverantörer. Ladan är uppdelad i en stor sal om ca 100 kvadratmeter, en loungedel med toaletter samt ett bra utrustat kök med kyl, frys, ugn och värmeskåp etc. Vi har möjlighet att ta emot ca 80 sittande gäster. Välkommen med din förfrågan till oss!",https://venuu.se/lokaler/nybole-lada,https://files.venuu.se/attachments/000/162/521/16fccffefe16a27cb8011087e67fb3d652d4ff37.jpg,2182cbd8-5fd5-4880-8ef2-bf1c608e27d2,0.9777777777777777,"Hilton Stockholm Slussen Stockholm Guldgränd 8, 104 65 Stockholm, Sweden"
,venuu,Ivar Stockholm,Stockholm,"Västra Trädgårdsgatan 15, 111 53 Stockholm",Tysta Rummet,,,12,,"TYSTA RUMMETFrån väggen blickar Ivar ner på ett bord och ett rum värdigt vilket styrelsesammanträde som helst. På väggen mittemot finns ett citat om sortier, och hur man gör en bra. Läs det.I detta rum får 12 personer plats.""Stockholms kanske mest klassiska affärsadress är vår. Efter en del renovering och väldigt mycket kärlek är Tändstickspalatset åter en plats för viktiga samtal och stora beslut. Det mesta är anpassat till idag utan att de vackraste detaljerna från igår gått förlorade. I mötesrummen finns plats för 4 till 36 personer, i auditoriet sitter upp till 60 personer bekvämt. Och på gården, vid fontänen, är allt som vanligt. Som om ingenting har hänt. Väl här kommer du förstå vad vi menar.""Ta gärna en rundtur i lokalen och låt dig inspireras: https://www.youtube.com/watch?v=FFABc9Aq4GgVarmt välkomna till Kapitel 8 och Tändstickspalatset!",https://venuu.se/lokaler/ivar-stockholm-tysta-rummet,https://files.venuu.se/attachments/000/014/524/02deaa50578ddefcb5cbdcdf1cdc8dbef85c2be8.jpg,2182cbd8-5fd5-4880-8ef2-bf1c608e27d2,0.9777777777777777,"Hilton Stockholm Slussen Stockholm Guldgränd 8, 104 65 Stockholm, Sweden"
,venuu,van der Nootska Palatset,Stockholm,"S:t Paulsgatan 21, 118 46 Stockholm",Biblioteket,,,80,10,"Välkomna till van der Nootska Palatset - en unik konferens- och festvåningsanläggning på Södermalm i Stockholm, med anor från 1600-talet. Låt charmen från inredning och stilepoker genom trehundra år sätta sin prägel på din fest, konferens, bröllop eller möte!Fest & EventBiblioteket, en pampig inramning till den stora festen. Under förgyllda stuckaturer och unika takmålningar dukas här upp middagar för upp till 70 personer. Två vackra gemak, Silverkammaren och Spegelkabinettet, båda med 1700-talsinreding kompletterar sviten.Palatset rymmer flera festvåningar, salar och gemak, för alla typer av fester och middagar. Från den mindre familjära middagen till den stora pampiga festen. Vi sätter en ära i att skapa förstklassiga menyer av säsongens bästa råvaror och vi hjälper naturligtvis till med att välja drycker till ditt menyval. Vi hjälper dig med alla arrangemang kring festen så att du och dina gäster kan luta er tillbaka och njuta av en lyckad kväll.KonferensLåt den litterära miljön i Biblioteket inspirera till stordåd. Silverkammaren med väggmålningar från 1700-talet, symboliserande våra fem sinnen och Spegelkabinettet med förgyllda listverk och spegelklädda väggar, inbjuder båda till en stunds ro, eller till grupparbeten.Van der Nootska Palatset erbjuder nio konferenslokaler i olika storlekar - alla med sin speciella charm! Från mindre sammanträdesrum i de gamla sovgemaken, till den stora balsalen för konferens upp till 150 personer.Till varje konferens hör god mat och dryck! Palatset kan erbjuda allt från en slät kopp kaffe, till en lyxig tre-rätters middag. Önskar ni landgångar, snittar, tapas eller dylikt ordnar vi naturligtvis det.Julbord på palatset 2022Vad sägs om en magisk julmiddag i ett anrikt palats med Fanny- och Alexanderstämning i varenda vrå? Välkommen till van der Nootska palatsets jul. I år serveras julmiddagen direkt till bordet i fyra serveringar och innehåller bland annat sill, lax, kallskuret, julgris och klassiska sötsaker. Julbordet serveras från den 23 november till den 22 december och kostar 737-889 kr (exkl. moms) beroende på dag och tid. Vill du veta mer eller boka bord? Kontakta oss via: info@vandernootska.se",https://venuu.se/lokaler/van-der-nootska-palatset-biblioteket-stockholm,https://files.venuu.se/attachments/000/026/953/b876c3447f757f49b0b7c3d58c4d6884d693cc74.jpg,2182cbd8-5fd5-4880-8ef2-bf1c608e27d2,0.9777777777777777,"Hilton Stockholm Slussen Stockholm Guldgränd 8, 104 65 Stockholm, Sweden"
,venuu,Ersta konferens & hotell,Stockholm,"Erstagatan 1K, 116 28 Stockholm",Bring- och Norrbysalen,,,180,22500,"Bring- och Norrbysalen är tillsammans vår största konferenslokal. Genom att öppna upp mellan salarna genom att skjuta ljudisolerade högdörrar åt sidorna skapas plats för 180 personer i biosittning. Salarna är våra vackraste med högt i tak, stora fönster med utsikt över kyrkparken, Stockholm och dess inlopp samt är luft.Salarna används flitigt för föreläsningar, konferenser men även vid speciella tillfällen som scenframträdanden. Kombinationen av de båda rummen gör det även möjligt att använda en av salarna till utställning och en för föreläsning eller liknande.Bringsalen är uppkallad efter Johan Christoffer Bring som var Ersta diakonis föreståndare från 1862 fram till sin bortgång 1898. Bringsalen, som då hette Bönsalen, fungerade som samlingsrum och bönerum för diakonissorna som bodde och verkade i området.Norrbysalen är uppkallad efter Johannes Norrby som var direktor på Ersta diakoni under 1910-1936. Från början användes salen som matsal, möblerad med tre stora bord. Vid mittenbordet satt diakonissorna och prästerna, vid fönstret satt provsystrarna och vid väggen satt eleverna. Den magnifika kristallkronan som hänger i Norrbysalen donerades till Ersta Diakonisällskap år 1940.",https://venuu.se/lokaler/ersta-konferens-hotell-bring-och-norrbysalen,https://files.venuu.se/attachments/000/078/144/4fd5a2c4da1c162171906a567952a434f6977193.jpg,2182cbd8-5fd5-4880-8ef2-bf1c608e27d2,0.9777777777777777,"Hilton Stockholm Slussen Stockholm Guldgränd 8, 104 65 Stockholm, Sweden"
,venuu,van der Nootska Palatset,Stockholm,"S:t Paulsgatan 21, 118 46 Stockholm",Daurers rum,,,19,6200,"Daurers rum, uppkallat efter den Daurerska malmgården, bostad åt en av Palatsets celebra gäster, Carl Michael Bellman. Rummet är utsmyckat med antika dörröverstycken och en magnifik kakelugn.Daurers rum passar för konferensen upp till 19 personer. Gör nästa konferens, möte eller sammanträde till något speciellt. van der Nootska Palatset erbjuder nio konferenslokaler i olika storlekar - alla med sin speciella charm! Palatsets 300-åriga charm kommer garanterat att göra nästa konferens till en succé!Till varje konferens hör god mat och dryck! Palatset kan erbjuda allt från en slät kopp kaffe, till en lyxig tre-rätters middag. Önskar ni snittar, tapas eller dylikt ordnar vi naturligtvis det.Julbord på palatset 2022Vad sägs om en magisk julmiddag i ett anrikt palats med Fanny- och Alexanderstämning i varenda vrå? Välkommen till van der Nootska palatsets jul. I år serveras julmiddagen direkt till bordet i fyra serveringar och innehåller bland annat sill, lax, kallskuret, julgris och klassiska sötsaker. Julbordet serveras från den 23 november till den 22 december och kostar 737-889 kr (exkl. moms) beroende på dag och tid. Vill du veta mer eller boka bord? Kontakta oss via: info@vandernootska.se",https://venuu.se/lokaler/van-der-nootska-palatset-daurers-rum,https://files.venuu.se/attachments/000/051/614/5c305324107da756cc24026923b7e0414a298ace.jpg,2182cbd8-5fd5-4880-8ef2-bf1c608e27d2,0.9777777777777777,"Hilton Stockholm Slussen Stockholm Guldgränd 8, 104 65 Stockholm, Sweden"
,venuu,Skansen: Nyloftet & Herrgårdsvåningen,Stockholm,"Skansen Djurgårdsslätten 49-51, 115 21 Stockholm",,,,120,,"Nyloftet är en vacker lokal med rustik miljö och plats för upptill 120 personer. I markplan, under Nyloftet, ligger Herrgårdsvåningen med matsal och två mindre rum, alla med inredning i 1700-talsstil. Herrgårdsvåningen har plats för 50 gäster. För större sällskap kan Herrgårdsvåningen kombineras med Nyloftet.Skansens Restauranger har den perfekta omgivningen för en lyckad konferens. Våra unika, skiftande lokaler och omgivningar gör Skansen till det kanske mest spännande alternativet för konferenser och specialarrangemang som finns i Stockholm.Hos oss kan du konferera i unik miljö med tillgång till modern teknik och aktiviteter. Vår fina miljö öppnar möjligheter för trevliga specialarrangemang och att här finns ett urval av lämpliga lokaler för olika stora sällskap. Att ambassader och företag med höga krav på representation väljer Skansen och återkommer gång på gång tar vi som ett gott betyg åt vår förmåga att ordna en lyckad konferens eller fest.Vilken anledning det än är, finns det alltid möjligheter på Skansen att ge festen eller konferensen extra glans!",https://venuu.se/lokaler/skansen-nyloftet-herrgardsvaningen,https://files.venuu.se/attachments/000/196/936/05212b184e35a1be769c18a50d6f3118f5ea8ddd.jpg,2182cbd8-5fd5-4880-8ef2-bf1c608e27d2,0.9777777777777777,"Hilton Stockholm Slussen Stockholm Guldgränd 8, 104 65 Stockholm, Sweden"
,venuu,Ivar Stockholm,Stockholm,"Västra Trädgårdsgatan 15, 111 53 Stockholm",Ingeborg,,,6,,"INGEBORGEtt intimt rum. Det stora företagets allra innersta krets eller hela det mindre företagets samlingsplats.""Stockholms kanske mest klassiska affärsadress är vår. Efter en del renovering och väldigt mycket kärlek är Tändstickspalatset åter en plats för viktiga samtal och stora beslut. Det mesta är anpassat till idag utan att de vackraste detaljerna från igår gått förlorade. I mötesrummen finns plats för 4 till 36 personer, i auditoriet sitter upp till 60 personer bekvämt. Och på gården, vid fontänen, är allt som vanligt. Som om ingenting har hänt. Väl här kommer du förstå vad vi menar.""Varmt välkomna till Ivar Stockholm i Tändstickspalatset!",https://venuu.se/lokaler/ivar-stockholm-ingeborg,https://files.venuu.se/attachments/000/014/535/86682d2131fef3efa89b9d4196d159f5e6fe52a3.jpg,2182cbd8-5fd5-4880-8ef2-bf1c608e27d2,0.9777777777777777,"Hilton Stockholm Slussen Stockholm Guldgränd 8, 104 65 Stockholm, Sweden"
,venuu,Högsbo Meeting Point,Västra Frölunda,"E A Rosengrensgata 17, 421 31 Västra Frölunda",Grönström,,,150,,"Välkomna till Grönströms!Hos oss sitter du i en trevlig miljö och avnjuter dagens lunch, sallad eller en fika. En träffpunkt för dig som vill njuta i en lugn miljö mitt i Högsbos industri område.Hos oss är du även välkommen att slinka in och köpa med dig en frukostfralla, varm lunch eller en fräsch sallad. Vi har även ett stort utbud av catering: Catering – Grönström (gronstromsallad.se)Vill ni boka ett boka ett möte med tekniska tillbehör är ni varmt välkomna att titta på våra alternativ under Högsbo Meeting Points paraply. Från 2 - 150 personer.Välkommen till oss på Högsbo Meeting Point!",https://venuu.se/lokaler/hogsbo-meeting-point-gronstrom,https://files.venuu.se/attachments/000/188/377/85c080afdc023cf2879f8af3c9f01e6b5b485453.jpg,2182cbd8-5fd5-4880-8ef2-bf1c608e27d2,0.9777777777777777,"Hilton Stockholm Slussen Stockholm Guldgränd 8, 104 65 Stockholm, Sweden"
,venuu,Hasselbacken,Stockholm,"Hazeliusbacken 20, 100 55 Stockholm",King,,,70,,"Vi på Hotell Hasselbacken välkomnar både små och stora sällskap. Vi kan även arrangera kongresser i samarbete med Cirkus för upp till 1 600 personer. I konferensrummet King blandas färger och form tillsammans med stora franska fönster med utsikt över Hasselbackens lummiga trädgård samt de södra delarna av Stockholm. Dessa går givetvis att öppna och leder ut till en gemensam balkong där man kan avnjuta fika och utsikten. Den enorma takhöjden på 4 meter ger det 68 kvm stora rummet en betydligt större känsla. Rummet ligger på våning 3 och har en maxkapacitet på 70 personer med möjlighet för mörkläggning av fönster vid behov. Utanför dörren väntar Djurgårdens fantastiska utbud av rekreation och kultur. På gångavstånd ligger Skansen, Gröna Lund, ABBA-museet, Vasamuseet, Liljevalchs konsthall och andra sevärdheter.Hasselbackens hotellrum, festvåning och möteslokaler är helrenoverade, i en blandning av klassisk elegans och moderna bekvämligheter. På matfronten erbjuder vi förstklassiga måltider i vår restaurang, serverade i vacker miljö med utsikt över parken. På våren öppnar terrassen med tillhörande park, där du både kan äta och dricka i någon av de två barerna.",https://venuu.se/lokaler/hasselbacken-king,https://files.venuu.se/attachments/000/155/941/85190581fb28dcce1094115b2fca1b1c51c87081.jpg,2182cbd8-5fd5-4880-8ef2-bf1c608e27d2,0.9777777777777777,"Hilton Stockholm Slussen Stockholm Guldgränd 8, 104 65 Stockholm, Sweden"
,venuu,Brygghuset,STOCKHOLM,,Möteslokal 16 personer,,,,,,https://venuu.se/lokaler/brygghuset-moteslokal-16-personer,https://files.venuu.se/attachments/000/191/548/5ba13c3db01aa0f534bcc4d4e831bf616478e655.jpg,2182cbd8-5fd5-4880-8ef2-bf1c608e27d2,0.9777777777777777,"Hilton Stockholm Slussen Stockholm Guldgränd 8, 104 65 Stockholm, Sweden"
,venuu,Världskulturmuseet,Göteborg,,Seminarierum 4,,,,,,https://venuu.se/lokaler/varldskulturmuseet-seminarierum-4,https://files.venuu.se/attachments/000/071/330/24162c35c566526700b4bbde04f0a8f55b495b43.jpg,2182cbd8-5fd5-4880-8ef2-bf1c608e27d2,0.9777777777777777,"Hilton Stockholm Slussen Stockholm Guldgränd 8, 104 65 Stockholm, Sweden"
,venuu,Hasselbacken,Stockholm,,Princess,,,,,,https://venuu.se/lokaler/hasselbacken-princess,https://files.venuu.se/attachments/000/156/022/2f338651078441e26b863da5a21d28102db16d84.jpg,2182cbd8-5fd5-4880-8ef2-bf1c608e27d2,0.9777777777777777,"Hilton Stockholm Slussen Stockholm Guldgränd 8, 104 65 Stockholm, Sweden"
,venuu,Nalen Ceders Salong,Stockholm,,,,,,,,https://venuu.se/lokaler/nalen-ceders-salong,https://files.venuu.se/attachments/000/012/383/3b87c7453690f2c65bb97fcaef818ce984c5d777.jpg,2182cbd8-5fd5-4880-8ef2-bf1c608e27d2,0.9777777777777777,"Hilton Stockholm Slussen Stockholm Guldgränd 8, 104 65 Stockholm, Sweden"
,venuu,Noors Slott,Knivsta,,Carolina,,,,,,https://venuu.se/lokaler/noors-slott-carolina,https://files.venuu.se/attachments/000/053/893/13908faf9c2d937d8b1efe9e4557871d1b7f0157.jpg,2182cbd8-5fd5-4880-8ef2-bf1c608e27d2,0.9777777777777777,"Hilton Stockholm Slussen Stockholm Guldgränd 8, 104 65 Stockholm, Sweden"
,venuu,Ersta konferens & hotell,Stockholm,,Cederschiöldsalen,,,,,,https://venuu.se/lokaler/ersta-konferens-hotell-cederschioldsalen,https://files.venuu.se/attachments/000/013/581/a07c74120f47376efc685a6c7c588a11a29dee06.jpg,2182cbd8-5fd5-4880-8ef2-bf1c608e27d2,0.9777777777777777,"Hilton Stockholm Slussen Stockholm Guldgränd 8, 104 65 Stockholm, Sweden"
,venuu,Hasselbacken,Stockholm,,Prince,,,,,,https://venuu.se/lokaler/hasselbacken-prince,https://files.venuu.se/attachments/000/155/947/2d0066b9dddb3344754fcb76186cee04105a25a6.jpg,2182cbd8-5fd5-4880-8ef2-bf1c608e27d2,0.9777777777777777,"Hilton Stockholm Slussen Stockholm Guldgränd 8, 104 65 Stockholm, Sweden"
,venuu,Sjöfartshuset,Stockholm,,Skeppsbrorummet,,,,,,https://venuu.se/lokaler/sjofartshuset-skeppsbrorummet-stockholm,https://files.venuu.se/attachments/000/058/358/7a91862a7d215c61eee856264c5ad29a24ae56e2.jpg,2182cbd8-5fd5-4880-8ef2-bf1c608e27d2,0.9777777777777777,"Hilton Stockholm Slussen Stockholm Guldgränd 8, 104 65 Stockholm, Sweden"
,venuu,Nyböle Lada,Lund,,,,,,,,https://venuu.se/lokaler/nybole-lada,https://files.venuu.se/attachments/000/162/521/16fccffefe16a27cb8011087e67fb3d652d4ff37.jpg,2182cbd8-5fd5-4880-8ef2-bf1c608e27d2,0.9777777777777777,"Hilton Stockholm Slussen Stockholm Guldgränd 8, 104 65 Stockholm, Sweden"
,venuu,Klara Stockholm,Stockholm,,Fogelström,,,,,,https://venuu.se/lokaler/klara-stockholm-fogelstrom,https://files.venuu.se/attachments/000/014/594/35fbab3328c4c11f74822353b1249f91f5f2f3b9.jpg,2182cbd8-5fd5-4880-8ef2-bf1c608e27d2,0.9777777777777777,"Hilton Stockholm Slussen Stockholm Guldgränd 8, 104 65 Stockholm, Sweden"
,venuu,Högsbo Meeting Point,Västra Frölunda,,Ljusgården 210,,,,,,https://venuu.se/lokaler/hogsbo-meeting-point-ljusgarden-210,https://files.venuu.se/attachments/000/208/318/16bacb05377f27b3b9ae4f60d33157cac61169b6.jpg,2182cbd8-5fd5-4880-8ef2-bf1c608e27d2,0.9777777777777777,"Hilton Stockholm Slussen Stockholm Guldgränd 8, 104 65 Stockholm, Sweden"
,venuu,Vardagsrummet,Stockholm,,,,,,,,https://venuu.se/lokaler/vardagsrummet-stockholm,https://files.venuu.se/attachments/000/084/376/eb7bb8be6c7d758f0f337233a80458e89b941184.jpg,2182cbd8-5fd5-4880-8ef2-bf1c608e27d2,0.9777777777777777,"Hilton Stockholm Slussen Stockholm Guldgränd 8, 104 65 Stockholm, Sweden"