Date (GMT),Job Link,Origin URL,Room Details List Limit,Position,Room Name,Room Size,Room Type,Number of People,Room Cost,Number of People Range,City,Place,Phone Number (from Phone Number),Google Details,Captured Texts,Hotel Name,PDF,create pdf link,Google Link (from Google Link),Room Details List,Hotel Name (from Room Details List)
2023-06-16 11:41:14,https://dashboard.browse.ai/teams/personal/robots/d2ac8762-a509-49d2-86f7-b0abb4530e75/history/aacf02d2-21f2-427e-92e2-104f4afaad0e,https://www.meetingsbooker.com/se/en/meeting-rooms-conference-facilities-in/adlonhotel?attendees=1&searchtype=1,10,2,St Goran,,Meeting Room,8,,1 - 10,Stockholm,2023-06-16 11:41:14,Sample Number +46 77 777 0006,https://www.google.com/maps/search/?api=1&query=Adlon%20Hotel,2023-06-16 11:41:14,Adlon Hotel,,https://app.documint.me/integrations/airtable?template_id=648c61a9160067102c2bdda3&base_id=appTmsb0jGyj8wtOQ&table_id=tbl38QRRnTpDr0fh9&attachment_field_name=PDF&overwrite_attachments=true&record_id=recvHXEDshHnyzOEK,https://www.google.com/maps/search/?api=1&query=Adlon%20Hotel,,
2023-06-16 11:41:14,https://dashboard.browse.ai/teams/personal/robots/d2ac8762-a509-49d2-86f7-b0abb4530e75/history/aacf02d2-21f2-427e-92e2-104f4afaad0e,https://www.meetingsbooker.com/se/en/meeting-rooms-conference-facilities-in/adlonhotel?attendees=1&searchtype=1,10,1,Sofia,,Meeting Room,14,,11 - 20,Stockholm,2023-06-16 11:41:14,Sample Number +46 77 777 0006,https://www.google.com/maps/search/?api=1&query=Adlon%20Hotel,2023-06-16 11:41:14,Adlon Hotel,,https://app.documint.me/integrations/airtable?template_id=648c61a9160067102c2bdda3&base_id=appTmsb0jGyj8wtOQ&table_id=tbl38QRRnTpDr0fh9&attachment_field_name=PDF&overwrite_attachments=true&record_id=recxPBKtfP64CR6E3,https://www.google.com/maps/search/?api=1&query=Adlon%20Hotel,,
2023-06-16 11:41:14,https://dashboard.browse.ai/teams/personal/robots/d2ac8762-a509-49d2-86f7-b0abb4530e75/history/aacf02d2-21f2-427e-92e2-104f4afaad0e,https://www.meetingsbooker.com/se/en/meeting-rooms-conference-facilities-in/adlonhotel?attendees=1&searchtype=1,10,5,,,,,,1 - 10,Stockholm,2023-06-16 11:41:14,Sample Number +46 77 777 0006,https://www.google.com/maps/search/?api=1&query=Adlon%20Hotel,2023-06-16 11:41:14,Adlon Hotel,,https://app.documint.me/integrations/airtable?template_id=648c61a9160067102c2bdda3&base_id=appTmsb0jGyj8wtOQ&table_id=tbl38QRRnTpDr0fh9&attachment_field_name=PDF&overwrite_attachments=true&record_id=reca3b0kwHf82BjK3,https://www.google.com/maps/search/?api=1&query=Adlon%20Hotel,,
2023-06-16 11:41:14,https://dashboard.browse.ai/teams/personal/robots/d2ac8762-a509-49d2-86f7-b0abb4530e75/history/aacf02d2-21f2-427e-92e2-104f4afaad0e,https://www.meetingsbooker.com/se/en/meeting-rooms-conference-facilities-in/adlonhotel?attendees=1&searchtype=1,10,4,Nicholson,8M x 5M x 3M (WxLxH),Meeting Room,24,,21 - 50,Stockholm,2023-06-16 11:41:14,Sample Number +46 77 777 0006,https://www.google.com/maps/search/?api=1&query=Adlon%20Hotel,2023-06-16 11:41:14,Adlon Hotel,,https://app.documint.me/integrations/airtable?template_id=648c61a9160067102c2bdda3&base_id=appTmsb0jGyj8wtOQ&table_id=tbl38QRRnTpDr0fh9&attachment_field_name=PDF&overwrite_attachments=true&record_id=rechXLPDqGQHMncNY,https://www.google.com/maps/search/?api=1&query=Adlon%20Hotel,,
2023-06-16 11:41:14,https://dashboard.browse.ai/teams/personal/robots/d2ac8762-a509-49d2-86f7-b0abb4530e75/history/aacf02d2-21f2-427e-92e2-104f4afaad0e,https://www.meetingsbooker.com/se/en/meeting-rooms-conference-facilities-in/adlonhotel?attendees=1&searchtype=1,10,3,St Erik,3M x 5M x 3M (WxLxH),Meeting Room,6,,1 - 10,Stockholm,2023-06-16 11:41:14,Sample Number +46 77 777 0006,https://www.google.com/maps/search/?api=1&query=Adlon%20Hotel,2023-06-16 11:41:14,Adlon Hotel,,https://app.documint.me/integrations/airtable?template_id=648c61a9160067102c2bdda3&base_id=appTmsb0jGyj8wtOQ&table_id=tbl38QRRnTpDr0fh9&attachment_field_name=PDF&overwrite_attachments=true&record_id=reci9FRegpKjTCP41,https://www.google.com/maps/search/?api=1&query=Adlon%20Hotel,,
2023-06-16 11:39:39,https://dashboard.browse.ai/teams/personal/robots/d2ac8762-a509-49d2-86f7-b0abb4530e75/history/495f3041-5228-44b6-842a-043e001d1677,https://www.meetingsbooker.com/se/en/meeting-rooms-conference-facilities-in/berns-hotel?attendees=1&searchtype=1,10,2,Klocksviten,5M x 10M x 2.5M (WxLxH),Meeting Room,8,,1 - 10,Stockholm,2023-06-16 11:39:39,Sample Number +46 77 777 0002,https://www.google.com/maps/search/?api=1&query=Berns%20Hotel,2023-06-16 11:39:39,Berns Hotel,,https://app.documint.me/integrations/airtable?template_id=648c61a9160067102c2bdda3&base_id=appTmsb0jGyj8wtOQ&table_id=tbl38QRRnTpDr0fh9&attachment_field_name=PDF&overwrite_attachments=true&record_id=recv4ustjIN4XKbpi,https://www.google.com/maps/search/?api=1&query=Berns%20Hotel,,
2023-06-16 11:39:39,https://dashboard.browse.ai/teams/personal/robots/d2ac8762-a509-49d2-86f7-b0abb4530e75/history/495f3041-5228-44b6-842a-043e001d1677,https://www.meetingsbooker.com/se/en/meeting-rooms-conference-facilities-in/berns-hotel?attendees=1&searchtype=1,10,7,China Theatre,18M x 20M x 5M (WxLxH),Meeting Room,1200,,more than 50,Stockholm,2023-06-16 11:39:39,Sample Number +46 77 777 0002,https://www.google.com/maps/search/?api=1&query=Berns%20Hotel,2023-06-16 11:39:39,Berns Hotel,,https://app.documint.me/integrations/airtable?template_id=648c61a9160067102c2bdda3&base_id=appTmsb0jGyj8wtOQ&table_id=tbl38QRRnTpDr0fh9&attachment_field_name=PDF&overwrite_attachments=true&record_id=recCkxJyZn5RCvZLw,https://www.google.com/maps/search/?api=1&query=Berns%20Hotel,,
2023-06-16 11:39:39,https://dashboard.browse.ai/teams/personal/robots/d2ac8762-a509-49d2-86f7-b0abb4530e75/history/495f3041-5228-44b6-842a-043e001d1677,https://www.meetingsbooker.com/se/en/meeting-rooms-conference-facilities-in/berns-hotel?attendees=1&searchtype=1,10,6,Stora Salongen,20M x 35M x 12M (WxLxH),Meeting Room,350,,more than 50,Stockholm,2023-06-16 11:39:39,Sample Number +46 77 777 0002,https://www.google.com/maps/search/?api=1&query=Berns%20Hotel,2023-06-16 11:39:39,Berns Hotel,,https://app.documint.me/integrations/airtable?template_id=648c61a9160067102c2bdda3&base_id=appTmsb0jGyj8wtOQ&table_id=tbl38QRRnTpDr0fh9&attachment_field_name=PDF&overwrite_attachments=true&record_id=recGjYr8VkMDTG40c,https://www.google.com/maps/search/?api=1&query=Berns%20Hotel,,
2023-06-16 11:39:39,https://dashboard.browse.ai/teams/personal/robots/d2ac8762-a509-49d2-86f7-b0abb4530e75/history/495f3041-5228-44b6-842a-043e001d1677,https://www.meetingsbooker.com/se/en/meeting-rooms-conference-facilities-in/berns-hotel?attendees=1&searchtype=1,10,1,Roda Rummet,5.34M x 7.44M x 2.5M (WxLxH),Meeting Room,30,,21 - 50,Stockholm,2023-06-16 11:39:39,Sample Number +46 77 777 0002,https://www.google.com/maps/search/?api=1&query=Berns%20Hotel,2023-06-16 11:39:39,Berns Hotel,,https://app.documint.me/integrations/airtable?template_id=648c61a9160067102c2bdda3&base_id=appTmsb0jGyj8wtOQ&table_id=tbl38QRRnTpDr0fh9&attachment_field_name=PDF&overwrite_attachments=true&record_id=recHGpk4E6D3nxssB,https://www.google.com/maps/search/?api=1&query=Berns%20Hotel,,
2023-06-16 11:39:39,https://dashboard.browse.ai/teams/personal/robots/d2ac8762-a509-49d2-86f7-b0abb4530e75/history/495f3041-5228-44b6-842a-043e001d1677,https://www.meetingsbooker.com/se/en/meeting-rooms-conference-facilities-in/berns-hotel?attendees=1&searchtype=1,10,5,Kammarsalen,14M x 14M x 3M (WxLxH),Meeting Room,180,,more than 50,Stockholm,2023-06-16 11:39:39,Sample Number +46 77 777 0002,https://www.google.com/maps/search/?api=1&query=Berns%20Hotel,2023-06-16 11:39:39,Berns Hotel,,https://app.documint.me/integrations/airtable?template_id=648c61a9160067102c2bdda3&base_id=appTmsb0jGyj8wtOQ&table_id=tbl38QRRnTpDr0fh9&attachment_field_name=PDF&overwrite_attachments=true&record_id=recJHMcy0oEbTrjoP,https://www.google.com/maps/search/?api=1&query=Berns%20Hotel,,
2023-06-16 11:39:39,https://dashboard.browse.ai/teams/personal/robots/d2ac8762-a509-49d2-86f7-b0abb4530e75/history/495f3041-5228-44b6-842a-043e001d1677,https://www.meetingsbooker.com/se/en/meeting-rooms-conference-facilities-in/berns-hotel?attendees=1&searchtype=1,10,4,Spegelsalen,5M x 10M x 2M (WxLxH),Meeting Room,48,,21 - 50,Stockholm,2023-06-16 11:39:39,Sample Number +46 77 777 0002,https://www.google.com/maps/search/?api=1&query=Berns%20Hotel,2023-06-16 11:39:39,Berns Hotel,,https://app.documint.me/integrations/airtable?template_id=648c61a9160067102c2bdda3&base_id=appTmsb0jGyj8wtOQ&table_id=tbl38QRRnTpDr0fh9&attachment_field_name=PDF&overwrite_attachments=true&record_id=reciPZiGLOsDY2oN3,https://www.google.com/maps/search/?api=1&query=Berns%20Hotel,,
2023-06-16 11:39:39,https://dashboard.browse.ai/teams/personal/robots/d2ac8762-a509-49d2-86f7-b0abb4530e75/history/495f3041-5228-44b6-842a-043e001d1677,https://www.meetingsbooker.com/se/en/meeting-rooms-conference-facilities-in/berns-hotel?attendees=1&searchtype=1,10,8,,,,,,1 - 10,Stockholm,2023-06-16 11:39:39,Sample Number +46 77 777 0002,https://www.google.com/maps/search/?api=1&query=Berns%20Hotel,2023-06-16 11:39:39,Berns Hotel,,https://app.documint.me/integrations/airtable?template_id=648c61a9160067102c2bdda3&base_id=appTmsb0jGyj8wtOQ&table_id=tbl38QRRnTpDr0fh9&attachment_field_name=PDF&overwrite_attachments=true&record_id=recm75hXLiSmSNswN,https://www.google.com/maps/search/?api=1&query=Berns%20Hotel,,
2023-06-16 11:39:39,https://dashboard.browse.ai/teams/personal/robots/d2ac8762-a509-49d2-86f7-b0abb4530e75/history/495f3041-5228-44b6-842a-043e001d1677,https://www.meetingsbooker.com/se/en/meeting-rooms-conference-facilities-in/berns-hotel?attendees=1&searchtype=1,10,3,Ljusgarden,6M x 19M x 2.5M (WxLxH),Meeting Room,70,,more than 50,Stockholm,2023-06-16 11:39:39,Sample Number +46 77 777 0002,https://www.google.com/maps/search/?api=1&query=Berns%20Hotel,2023-06-16 11:39:39,Berns Hotel,,https://app.documint.me/integrations/airtable?template_id=648c61a9160067102c2bdda3&base_id=appTmsb0jGyj8wtOQ&table_id=tbl38QRRnTpDr0fh9&attachment_field_name=PDF&overwrite_attachments=true&record_id=recmR1SQxtRWre7pZ,https://www.google.com/maps/search/?api=1&query=Berns%20Hotel,,
2023-06-16 11:41:53,https://dashboard.browse.ai/teams/personal/robots/d2ac8762-a509-49d2-86f7-b0abb4530e75/history/521e622b-b412-4484-8c74-9361e15487d6,https://www.meetingsbooker.com/se/en/meeting-rooms-conference-facilities-in/eliteedenparkhotelstockholm?attendees=1&searchtype=1,10,1,MEETING ROOM 214,,Meeting Room,8,,1 - 10,Stockholm,2023-06-16 11:41:53,Sample Number +46 77 777 0008,https://www.google.com/maps/search/?api=1&query=Elite%20Eden%20Park%20Hotel%2C%20Stockholm,2023-06-16 11:41:53,"Elite Eden Park Hotel, Stockholm",,https://app.documint.me/integrations/airtable?template_id=648c61a9160067102c2bdda3&base_id=appTmsb0jGyj8wtOQ&table_id=tbl38QRRnTpDr0fh9&attachment_field_name=PDF&overwrite_attachments=true&record_id=rectOvmgNv2SklP8y,https://www.google.com/maps/search/?api=1&query=Elite%20Eden%20Park%20Hotel%2C%20Stockholm,,
2023-06-16 11:41:53,https://dashboard.browse.ai/teams/personal/robots/d2ac8762-a509-49d2-86f7-b0abb4530e75/history/521e622b-b412-4484-8c74-9361e15487d6,https://www.meetingsbooker.com/se/en/meeting-rooms-conference-facilities-in/eliteedenparkhotelstockholm?attendees=1&searchtype=1,10,2,SUITE 315,,Meeting Room,6,,1 - 10,Stockholm,2023-06-16 11:41:53,Sample Number +46 77 777 0008,https://www.google.com/maps/search/?api=1&query=Elite%20Eden%20Park%20Hotel%2C%20Stockholm,2023-06-16 11:41:53,"Elite Eden Park Hotel, Stockholm",,https://app.documint.me/integrations/airtable?template_id=648c61a9160067102c2bdda3&base_id=appTmsb0jGyj8wtOQ&table_id=tbl38QRRnTpDr0fh9&attachment_field_name=PDF&overwrite_attachments=true&record_id=recFz6SEZC0Jab380,https://www.google.com/maps/search/?api=1&query=Elite%20Eden%20Park%20Hotel%2C%20Stockholm,,
2023-06-16 11:41:53,https://dashboard.browse.ai/teams/personal/robots/d2ac8762-a509-49d2-86f7-b0abb4530e75/history/521e622b-b412-4484-8c74-9361e15487d6,https://www.meetingsbooker.com/se/en/meeting-rooms-conference-facilities-in/eliteedenparkhotelstockholm?attendees=1&searchtype=1,10,3,,,,,,1 - 10,Stockholm,2023-06-16 11:41:53,Sample Number +46 77 777 0008,https://www.google.com/maps/search/?api=1&query=Elite%20Eden%20Park%20Hotel%2C%20Stockholm,2023-06-16 11:41:53,"Elite Eden Park Hotel, Stockholm",,https://app.documint.me/integrations/airtable?template_id=648c61a9160067102c2bdda3&base_id=appTmsb0jGyj8wtOQ&table_id=tbl38QRRnTpDr0fh9&attachment_field_name=PDF&overwrite_attachments=true&record_id=recQTp0FiJ6kogI3F,https://www.google.com/maps/search/?api=1&query=Elite%20Eden%20Park%20Hotel%2C%20Stockholm,,
2023-06-16 11:41:45,https://dashboard.browse.ai/teams/personal/robots/d2ac8762-a509-49d2-86f7-b0abb4530e75/history/5814db5c-96bb-4b0e-a5f4-ffe2558f26b7,https://www.meetingsbooker.com/se/en/meeting-rooms-conference-facilities-in/elitehotelstockholmplaza?attendees=1&searchtype=1,10,1,CLUBRUMMET,,Meeting Room,10,,1 - 10,Stockholm,2023-06-16 11:41:45,Sample Number +46 77 777 0007,https://www.google.com/maps/search/?api=1&query=Elite%20Hotel%20Stockholm%20Plaza,2023-06-16 11:41:45,Elite Hotel Stockholm Plaza,,https://app.documint.me/integrations/airtable?template_id=648c61a9160067102c2bdda3&base_id=appTmsb0jGyj8wtOQ&table_id=tbl38QRRnTpDr0fh9&attachment_field_name=PDF&overwrite_attachments=true&record_id=recWKfr9chXTXK9Xw,https://www.google.com/maps/search/?api=1&query=Elite%20Hotel%20Stockholm%20Plaza,,
2023-06-16 11:41:45,https://dashboard.browse.ai/teams/personal/robots/d2ac8762-a509-49d2-86f7-b0abb4530e75/history/5814db5c-96bb-4b0e-a5f4-ffe2558f26b7,https://www.meetingsbooker.com/se/en/meeting-rooms-conference-facilities-in/elitehotelstockholmplaza?attendees=1&searchtype=1,10,2,CLARA,,Meeting Room,20,,11 - 20,Stockholm,2023-06-16 11:41:45,Sample Number +46 77 777 0007,https://www.google.com/maps/search/?api=1&query=Elite%20Hotel%20Stockholm%20Plaza,2023-06-16 11:41:45,Elite Hotel Stockholm Plaza,findammetingroom.pdf (https://v5.airtableusercontent.com/v1/18/18/1687197600000/KJcba7oNq3HwjSkQ0f4s6Q/nUOSJXJ1bV5GC8JtzwFagPaHabfawhXIFosxcnZp8qsLz_r8S7beIGaJXQHob5N8saUeK9iwRjmiTkER0QsX_mUx1Swt8T28i7SVO4edJKk/Y1Jy7GLbOhb3amTHZWq9E4bEIA7DSpnxcbhmRKYZkqQ),https://app.documint.me/integrations/airtable?template_id=648c61a9160067102c2bdda3&base_id=appTmsb0jGyj8wtOQ&table_id=tbl38QRRnTpDr0fh9&attachment_field_name=PDF&overwrite_attachments=true&record_id=recKwhwViXKMyYni3,https://www.google.com/maps/search/?api=1&query=Elite%20Hotel%20Stockholm%20Plaza,,
2023-06-16 11:41:45,https://dashboard.browse.ai/teams/personal/robots/d2ac8762-a509-49d2-86f7-b0abb4530e75/history/5814db5c-96bb-4b0e-a5f4-ffe2558f26b7,https://www.meetingsbooker.com/se/en/meeting-rooms-conference-facilities-in/elitehotelstockholmplaza?attendees=1&searchtype=1,10,4,,,,,,1 - 10,Stockholm,2023-06-16 11:41:45,Sample Number +46 77 777 0007,https://www.google.com/maps/search/?api=1&query=Elite%20Hotel%20Stockholm%20Plaza,2023-06-16 11:41:45,Elite Hotel Stockholm Plaza,,https://app.documint.me/integrations/airtable?template_id=648c61a9160067102c2bdda3&base_id=appTmsb0jGyj8wtOQ&table_id=tbl38QRRnTpDr0fh9&attachment_field_name=PDF&overwrite_attachments=true&record_id=rec5Y9MHPRegRt1wo,https://www.google.com/maps/search/?api=1&query=Elite%20Hotel%20Stockholm%20Plaza,,
2023-06-16 11:41:45,https://dashboard.browse.ai/teams/personal/robots/d2ac8762-a509-49d2-86f7-b0abb4530e75/history/5814db5c-96bb-4b0e-a5f4-ffe2558f26b7,https://www.meetingsbooker.com/se/en/meeting-rooms-conference-facilities-in/elitehotelstockholmplaza?attendees=1&searchtype=1,10,3,DAMBERG,,Meeting Room,20,,11 - 20,Stockholm,2023-06-16 11:41:45,Sample Number +46 77 777 0007,https://www.google.com/maps/search/?api=1&query=Elite%20Hotel%20Stockholm%20Plaza,2023-06-16 11:41:45,Elite Hotel Stockholm Plaza,findammetingroom.pdf (https://v5.airtableusercontent.com/v1/18/18/1687197600000/NOor2xYV2L79LXfUN-TW6w/3N4QOGbI1CeASXeEV_XsYqHyhczjUqfrFFJ6u1ns2PWz7Z8q257yf6i9eo76iSG1pASL_RLj21xblf1C0oFDoumAYDTuVgk6m5nUErA9YlQ/M7591zKgYUG8w9eYj9IViht4LHBsFvNjRaZ4U2SY-Hg),https://app.documint.me/integrations/airtable?template_id=648c61a9160067102c2bdda3&base_id=appTmsb0jGyj8wtOQ&table_id=tbl38QRRnTpDr0fh9&attachment_field_name=PDF&overwrite_attachments=true&record_id=rec8EPjHfuktsFl5l,https://www.google.com/maps/search/?api=1&query=Elite%20Hotel%20Stockholm%20Plaza,,
2023-06-16 11:39:33,https://dashboard.browse.ai/teams/personal/robots/d2ac8762-a509-49d2-86f7-b0abb4530e75/history/c60d7a76-cff2-4fa7-b595-d7576eba9400,https://www.meetingsbooker.com/se/en/meeting-rooms-conference-facilities-in/freys-hotel?attendees=1&searchtype=1,10,7,Inspiration,3.83M x 8.12M x 2.52M (WxLxH),Meeting Room,15,kr13375/day,11 - 20,Stockholm,2023-06-16 11:39:33,Sample Number +46 77 777 0001,https://www.google.com/maps/search/?api=1&query=Freys%20Hotel,2023-06-16 11:39:33,Freys Hotel,,https://app.documint.me/integrations/airtable?template_id=648c61a9160067102c2bdda3&base_id=appTmsb0jGyj8wtOQ&table_id=tbl38QRRnTpDr0fh9&attachment_field_name=PDF&overwrite_attachments=true&record_id=recVTdjwi1GTE8yfr,https://www.google.com/maps/search/?api=1&query=Freys%20Hotel,,
2023-06-16 11:39:33,https://dashboard.browse.ai/teams/personal/robots/d2ac8762-a509-49d2-86f7-b0abb4530e75/history/c60d7a76-cff2-4fa7-b595-d7576eba9400,https://www.meetingsbooker.com/se/en/meeting-rooms-conference-facilities-in/freys-hotel?attendees=1&searchtype=1,10,9,Conference Floor,5M x 45M x 3M (WxLxH),Meeting Room,150,,more than 50,Stockholm,2023-06-16 11:39:33,Sample Number +46 77 777 0001,https://www.google.com/maps/search/?api=1&query=Freys%20Hotel,2023-06-16 11:39:33,Freys Hotel,,https://app.documint.me/integrations/airtable?template_id=648c61a9160067102c2bdda3&base_id=appTmsb0jGyj8wtOQ&table_id=tbl38QRRnTpDr0fh9&attachment_field_name=PDF&overwrite_attachments=true&record_id=rec0ARCye96to1m9m,https://www.google.com/maps/search/?api=1&query=Freys%20Hotel,,
2023-06-16 11:39:33,https://dashboard.browse.ai/teams/personal/robots/d2ac8762-a509-49d2-86f7-b0abb4530e75/history/c60d7a76-cff2-4fa7-b595-d7576eba9400,https://www.meetingsbooker.com/se/en/meeting-rooms-conference-facilities-in/freys-hotel?attendees=1&searchtype=1,10,4,Wisdom,4.48M x 3.8M x 2.52M (WxLxH),Meeting Room,8,kr8375/day,1 - 10,Stockholm,2023-06-16 11:39:33,Sample Number +46 77 777 0001,https://www.google.com/maps/search/?api=1&query=Freys%20Hotel,2023-06-16 11:39:33,Freys Hotel,,https://app.documint.me/integrations/airtable?template_id=648c61a9160067102c2bdda3&base_id=appTmsb0jGyj8wtOQ&table_id=tbl38QRRnTpDr0fh9&attachment_field_name=PDF&overwrite_attachments=true&record_id=recuKtzzAoRF9kQB1,https://www.google.com/maps/search/?api=1&query=Freys%20Hotel,,
2023-06-16 11:39:33,https://dashboard.browse.ai/teams/personal/robots/d2ac8762-a509-49d2-86f7-b0abb4530e75/history/c60d7a76-cff2-4fa7-b595-d7576eba9400,https://www.meetingsbooker.com/se/en/meeting-rooms-conference-facilities-in/freys-hotel?attendees=1&searchtype=1,10,3,Balance,2.85M x 3.83M x 2.53M (WxLxH),Meeting Room,6,kr4875/day,1 - 10,Stockholm,2023-06-16 11:39:33,Sample Number +46 77 777 0001,https://www.google.com/maps/search/?api=1&query=Freys%20Hotel,2023-06-16 11:39:33,Freys Hotel,,https://app.documint.me/integrations/airtable?template_id=648c61a9160067102c2bdda3&base_id=appTmsb0jGyj8wtOQ&table_id=tbl38QRRnTpDr0fh9&attachment_field_name=PDF&overwrite_attachments=true&record_id=recHc0pP2WR2UXz9C,https://www.google.com/maps/search/?api=1&query=Freys%20Hotel,,
2023-06-16 11:39:33,https://dashboard.browse.ai/teams/personal/robots/d2ac8762-a509-49d2-86f7-b0abb4530e75/history/c60d7a76-cff2-4fa7-b595-d7576eba9400,https://www.meetingsbooker.com/se/en/meeting-rooms-conference-facilities-in/freys-hotel?attendees=1&searchtype=1,10,8,Energy,5.72M x 8.51M x 3.01M (WxLxH),Meeting Room,22,kr18250/day,21 - 50,Stockholm,2023-06-16 11:39:33,Sample Number +46 77 777 0001,https://www.google.com/maps/search/?api=1&query=Freys%20Hotel,2023-06-16 11:39:33,Freys Hotel,,https://app.documint.me/integrations/airtable?template_id=648c61a9160067102c2bdda3&base_id=appTmsb0jGyj8wtOQ&table_id=tbl38QRRnTpDr0fh9&attachment_field_name=PDF&overwrite_attachments=true&record_id=rec4XYq78T9BxZogC,https://www.google.com/maps/search/?api=1&query=Freys%20Hotel,,
2023-06-16 11:39:33,https://dashboard.browse.ai/teams/personal/robots/d2ac8762-a509-49d2-86f7-b0abb4530e75/history/c60d7a76-cff2-4fa7-b595-d7576eba9400,https://www.meetingsbooker.com/se/en/meeting-rooms-conference-facilities-in/freys-hotel?attendees=1&searchtype=1,10,1,Harmony,3.41M x 3.82M x 2.52M (WxLxH),Meeting Room,5,kr4875/day,1 - 10,Stockholm,2023-06-16 11:39:33,Sample Number +46 77 777 0001,https://www.google.com/maps/search/?api=1&query=Freys%20Hotel,2023-06-16 11:39:33,Freys Hotel,,https://app.documint.me/integrations/airtable?template_id=648c61a9160067102c2bdda3&base_id=appTmsb0jGyj8wtOQ&table_id=tbl38QRRnTpDr0fh9&attachment_field_name=PDF&overwrite_attachments=true&record_id=rec8E55NINtIbjeOJ,https://www.google.com/maps/search/?api=1&query=Freys%20Hotel,,
2023-06-16 11:39:33,https://dashboard.browse.ai/teams/personal/robots/d2ac8762-a509-49d2-86f7-b0abb4530e75/history/c60d7a76-cff2-4fa7-b595-d7576eba9400,https://www.meetingsbooker.com/se/en/meeting-rooms-conference-facilities-in/freys-hotel?attendees=1&searchtype=1,10,5,Courage,3.86M x 5.85M x 2.52M (WxLxH),Meeting Room,10,kr9875/day,1 - 10,Stockholm,2023-06-16 11:39:33,Sample Number +46 77 777 0001,https://www.google.com/maps/search/?api=1&query=Freys%20Hotel,2023-06-16 11:39:33,Freys Hotel,,https://app.documint.me/integrations/airtable?template_id=648c61a9160067102c2bdda3&base_id=appTmsb0jGyj8wtOQ&table_id=tbl38QRRnTpDr0fh9&attachment_field_name=PDF&overwrite_attachments=true&record_id=recatA77jq497LMf5,https://www.google.com/maps/search/?api=1&query=Freys%20Hotel,,
2023-06-16 11:39:33,https://dashboard.browse.ai/teams/personal/robots/d2ac8762-a509-49d2-86f7-b0abb4530e75/history/c60d7a76-cff2-4fa7-b595-d7576eba9400,https://www.meetingsbooker.com/se/en/meeting-rooms-conference-facilities-in/freys-hotel?attendees=1&searchtype=1,10,6,Clarity,4.02M x 7.47M x 2.52M (WxLxH),Meeting Room,15,kr13375/day,11 - 20,Stockholm,2023-06-16 11:39:33,Sample Number +46 77 777 0001,https://www.google.com/maps/search/?api=1&query=Freys%20Hotel,2023-06-16 11:39:33,Freys Hotel,,https://app.documint.me/integrations/airtable?template_id=648c61a9160067102c2bdda3&base_id=appTmsb0jGyj8wtOQ&table_id=tbl38QRRnTpDr0fh9&attachment_field_name=PDF&overwrite_attachments=true&record_id=recjpGFkh1d4UICJI,https://www.google.com/maps/search/?api=1&query=Freys%20Hotel,,
2023-06-16 11:39:33,https://dashboard.browse.ai/teams/personal/robots/d2ac8762-a509-49d2-86f7-b0abb4530e75/history/c60d7a76-cff2-4fa7-b595-d7576eba9400,https://www.meetingsbooker.com/se/en/meeting-rooms-conference-facilities-in/freys-hotel?attendees=1&searchtype=1,10,10,Opportunity,,Meeting Room,10,,1 - 10,Stockholm,2023-06-16 11:39:33,Sample Number +46 77 777 0001,https://www.google.com/maps/search/?api=1&query=Freys%20Hotel,2023-06-16 11:39:33,Freys Hotel,,https://app.documint.me/integrations/airtable?template_id=648c61a9160067102c2bdda3&base_id=appTmsb0jGyj8wtOQ&table_id=tbl38QRRnTpDr0fh9&attachment_field_name=PDF&overwrite_attachments=true&record_id=recljX11nj3yFPGS2,https://www.google.com/maps/search/?api=1&query=Freys%20Hotel,,
2023-06-16 11:39:33,https://dashboard.browse.ai/teams/personal/robots/d2ac8762-a509-49d2-86f7-b0abb4530e75/history/c60d7a76-cff2-4fa7-b595-d7576eba9400,https://www.meetingsbooker.com/se/en/meeting-rooms-conference-facilities-in/freys-hotel?attendees=1&searchtype=1,10,2,Creativity,2.85M x 3.83M x 2.53M (WxLxH),Meeting Room,6,kr4875/day,1 - 10,Stockholm,2023-06-16 11:39:33,Sample Number +46 77 777 0001,https://www.google.com/maps/search/?api=1&query=Freys%20Hotel,2023-06-16 11:39:33,Freys Hotel,,https://app.documint.me/integrations/airtable?template_id=648c61a9160067102c2bdda3&base_id=appTmsb0jGyj8wtOQ&table_id=tbl38QRRnTpDr0fh9&attachment_field_name=PDF&overwrite_attachments=true&record_id=recorNmU0gRubfHN0,https://www.google.com/maps/search/?api=1&query=Freys%20Hotel,,
2023-06-16 11:38:55,https://dashboard.browse.ai/teams/personal/robots/d2ac8762-a509-49d2-86f7-b0abb4530e75/history/dd317f93-9a97-44d5-b822-4a83b387534f,https://www.meetingsbooker.com/se/en/meeting-rooms-conference-facilities-in/impacthubstockholm?attendees=1&searchtype=1,10,5,Collaboration Conference Room,6M x 6M x 3M (WxLxH),Meeting Room,12,kr8000/day,11 - 20,Stockholm,2023-06-16 11:38:55,Sample Number +46 77 777 0077,https://www.google.com/maps/search/?api=1&query=Impact%20Hub%20Stockholm,2023-06-16 11:38:55,Impact Hub Stockholm,,https://app.documint.me/integrations/airtable?template_id=648c61a9160067102c2bdda3&base_id=appTmsb0jGyj8wtOQ&table_id=tbl38QRRnTpDr0fh9&attachment_field_name=PDF&overwrite_attachments=true&record_id=recu251KF0K8WIY2n,https://www.google.com/maps/search/?api=1&query=Impact%20Hub%20Stockholm,,
2023-06-16 11:38:55,https://dashboard.browse.ai/teams/personal/robots/d2ac8762-a509-49d2-86f7-b0abb4530e75/history/dd317f93-9a97-44d5-b822-4a83b387534f,https://www.meetingsbooker.com/se/en/meeting-rooms-conference-facilities-in/impacthubstockholm?attendees=1&searchtype=1,10,6,Purpose Event Space,10M x 10M x 25M (WxLxH),Meeting Room,15,kr37500/day,11 - 20,Stockholm,2023-06-16 11:38:55,Sample Number +46 77 777 0077,https://www.google.com/maps/search/?api=1&query=Impact%20Hub%20Stockholm,2023-06-16 11:38:55,Impact Hub Stockholm,,https://app.documint.me/integrations/airtable?template_id=648c61a9160067102c2bdda3&base_id=appTmsb0jGyj8wtOQ&table_id=tbl38QRRnTpDr0fh9&attachment_field_name=PDF&overwrite_attachments=true&record_id=recvMfnvA7gPXGhUF,https://www.google.com/maps/search/?api=1&query=Impact%20Hub%20Stockholm,,
2023-06-16 11:38:55,https://dashboard.browse.ai/teams/personal/robots/d2ac8762-a509-49d2-86f7-b0abb4530e75/history/dd317f93-9a97-44d5-b822-4a83b387534f,https://www.meetingsbooker.com/se/en/meeting-rooms-conference-facilities-in/impacthubstockholm?attendees=1&searchtype=1,10,4,Discovery Conference Room,3M x 6M x 3M (WxLxH),Meeting Room,9,kr5000/day,1 - 10,Stockholm,2023-06-16 11:38:55,Sample Number +46 77 777 0077,https://www.google.com/maps/search/?api=1&query=Impact%20Hub%20Stockholm,2023-06-16 11:38:55,Impact Hub Stockholm,,https://app.documint.me/integrations/airtable?template_id=648c61a9160067102c2bdda3&base_id=appTmsb0jGyj8wtOQ&table_id=tbl38QRRnTpDr0fh9&attachment_field_name=PDF&overwrite_attachments=true&record_id=recBn4CorIM8MpiQ0,https://www.google.com/maps/search/?api=1&query=Impact%20Hub%20Stockholm,,
2023-06-16 11:38:55,https://dashboard.browse.ai/teams/personal/robots/d2ac8762-a509-49d2-86f7-b0abb4530e75/history/dd317f93-9a97-44d5-b822-4a83b387534f,https://www.meetingsbooker.com/se/en/meeting-rooms-conference-facilities-in/impacthubstockholm?attendees=1&searchtype=1,10,1,Trust Conference Room,2M x 3M x 3M (WxLxH),Meeting Room,4,kr2500/day,1 - 10,Stockholm,2023-06-16 11:38:55,Sample Number +46 77 777 0077,https://www.google.com/maps/search/?api=1&query=Impact%20Hub%20Stockholm,2023-06-16 11:38:55,Impact Hub Stockholm,,https://app.documint.me/integrations/airtable?template_id=648c61a9160067102c2bdda3&base_id=appTmsb0jGyj8wtOQ&table_id=tbl38QRRnTpDr0fh9&attachment_field_name=PDF&overwrite_attachments=true&record_id=recDJzGI8B00o35bh,https://www.google.com/maps/search/?api=1&query=Impact%20Hub%20Stockholm,,
2023-06-16 11:38:55,https://dashboard.browse.ai/teams/personal/robots/d2ac8762-a509-49d2-86f7-b0abb4530e75/history/dd317f93-9a97-44d5-b822-4a83b387534f,https://www.meetingsbooker.com/se/en/meeting-rooms-conference-facilities-in/impacthubstockholm?attendees=1&searchtype=1,10,2,Courage Conference Room,3M x 3M x 3M (WxLxH),Meeting Room,6,kr4000/day,1 - 10,Stockholm,2023-06-16 11:38:55,Sample Number +46 77 777 0077,https://www.google.com/maps/search/?api=1&query=Impact%20Hub%20Stockholm,2023-06-16 11:38:55,Impact Hub Stockholm,,https://app.documint.me/integrations/airtable?template_id=648c61a9160067102c2bdda3&base_id=appTmsb0jGyj8wtOQ&table_id=tbl38QRRnTpDr0fh9&attachment_field_name=PDF&overwrite_attachments=true&record_id=rec8Hkf9nS6rQqGMB,https://www.google.com/maps/search/?api=1&query=Impact%20Hub%20Stockholm,,
2023-06-16 11:38:55,https://dashboard.browse.ai/teams/personal/robots/d2ac8762-a509-49d2-86f7-b0abb4530e75/history/dd317f93-9a97-44d5-b822-4a83b387534f,https://www.meetingsbooker.com/se/en/meeting-rooms-conference-facilities-in/impacthubstockholm?attendees=1&searchtype=1,10,3,Enterprise Conference Room,3M x 6M x 3M (WxLxH),Meeting Room,9,kr5000/day,1 - 10,Stockholm,2023-06-16 11:38:55,Sample Number +46 77 777 0077,https://www.google.com/maps/search/?api=1&query=Impact%20Hub%20Stockholm,2023-06-16 11:38:55,Impact Hub Stockholm,,https://app.documint.me/integrations/airtable?template_id=648c61a9160067102c2bdda3&base_id=appTmsb0jGyj8wtOQ&table_id=tbl38QRRnTpDr0fh9&attachment_field_name=PDF&overwrite_attachments=true&record_id=reckWPdSTVNhDk5Y8,https://www.google.com/maps/search/?api=1&query=Impact%20Hub%20Stockholm,,
2023-06-16 11:42:28,https://dashboard.browse.ai/teams/personal/robots/d2ac8762-a509-49d2-86f7-b0abb4530e75/history/6fdb6551-e6ec-4837-8f2e-ff6622a6099a,https://www.meetingsbooker.com/se/en/meeting-rooms-conference-facilities-in/mornington-stockholm-city?attendees=1&searchtype=1,10,4,Beatrice,,Meeting Room,6,,1 - 10,Stockholm,2023-06-16 11:42:28,Sample Number +46 77 777 0009,https://www.google.com/maps/search/?api=1&query=MORNINGTON%20STOCKHOLM%20CITY,2023-06-16 11:42:28,MORNINGTON STOCKHOLM CITY,,https://app.documint.me/integrations/airtable?template_id=648c61a9160067102c2bdda3&base_id=appTmsb0jGyj8wtOQ&table_id=tbl38QRRnTpDr0fh9&attachment_field_name=PDF&overwrite_attachments=true&record_id=recvuqemkapXbyEiI,https://www.google.com/maps/search/?api=1&query=MORNINGTON%20STOCKHOLM%20CITY,,
2023-06-16 11:42:28,https://dashboard.browse.ai/teams/personal/robots/d2ac8762-a509-49d2-86f7-b0abb4530e75/history/6fdb6551-e6ec-4837-8f2e-ff6622a6099a,https://www.meetingsbooker.com/se/en/meeting-rooms-conference-facilities-in/mornington-stockholm-city?attendees=1&searchtype=1,10,5,Jessica,,Meeting Room,6,,1 - 10,Stockholm,2023-06-16 11:42:28,Sample Number +46 77 777 0009,https://www.google.com/maps/search/?api=1&query=MORNINGTON%20STOCKHOLM%20CITY,2023-06-16 11:42:28,MORNINGTON STOCKHOLM CITY,,https://app.documint.me/integrations/airtable?template_id=648c61a9160067102c2bdda3&base_id=appTmsb0jGyj8wtOQ&table_id=tbl38QRRnTpDr0fh9&attachment_field_name=PDF&overwrite_attachments=true&record_id=recaSEriXEVAQFXW9,https://www.google.com/maps/search/?api=1&query=MORNINGTON%20STOCKHOLM%20CITY,,
2023-06-16 11:42:28,https://dashboard.browse.ai/teams/personal/robots/d2ac8762-a509-49d2-86f7-b0abb4530e75/history/6fdb6551-e6ec-4837-8f2e-ff6622a6099a,https://www.meetingsbooker.com/se/en/meeting-rooms-conference-facilities-in/mornington-stockholm-city?attendees=1&searchtype=1,10,1,Ophelia,,Meeting Room,54,,more than 50,Stockholm,2023-06-16 11:42:28,Sample Number +46 77 777 0009,https://www.google.com/maps/search/?api=1&query=MORNINGTON%20STOCKHOLM%20CITY,2023-06-16 11:42:28,MORNINGTON STOCKHOLM CITY,,https://app.documint.me/integrations/airtable?template_id=648c61a9160067102c2bdda3&base_id=appTmsb0jGyj8wtOQ&table_id=tbl38QRRnTpDr0fh9&attachment_field_name=PDF&overwrite_attachments=true&record_id=recjchuga27L2e55c,https://www.google.com/maps/search/?api=1&query=MORNINGTON%20STOCKHOLM%20CITY,,
2023-06-16 11:42:28,https://dashboard.browse.ai/teams/personal/robots/d2ac8762-a509-49d2-86f7-b0abb4530e75/history/6fdb6551-e6ec-4837-8f2e-ff6622a6099a,https://www.meetingsbooker.com/se/en/meeting-rooms-conference-facilities-in/mornington-stockholm-city?attendees=1&searchtype=1,10,6,,,,,,1 - 10,Stockholm,2023-06-16 11:42:28,Sample Number +46 77 777 0009,https://www.google.com/maps/search/?api=1&query=MORNINGTON%20STOCKHOLM%20CITY,2023-06-16 11:42:28,MORNINGTON STOCKHOLM CITY,,https://app.documint.me/integrations/airtable?template_id=648c61a9160067102c2bdda3&base_id=appTmsb0jGyj8wtOQ&table_id=tbl38QRRnTpDr0fh9&attachment_field_name=PDF&overwrite_attachments=true&record_id=reckemIVadr5PS00k,https://www.google.com/maps/search/?api=1&query=MORNINGTON%20STOCKHOLM%20CITY,,
2023-06-16 11:42:28,https://dashboard.browse.ai/teams/personal/robots/d2ac8762-a509-49d2-86f7-b0abb4530e75/history/6fdb6551-e6ec-4837-8f2e-ff6622a6099a,https://www.meetingsbooker.com/se/en/meeting-rooms-conference-facilities-in/mornington-stockholm-city?attendees=1&searchtype=1,10,2,Juliet,,Meeting Room,18,,11 - 20,Stockholm,2023-06-16 11:42:28,Sample Number +46 77 777 0009,https://www.google.com/maps/search/?api=1&query=MORNINGTON%20STOCKHOLM%20CITY,2023-06-16 11:42:28,MORNINGTON STOCKHOLM CITY,,https://app.documint.me/integrations/airtable?template_id=648c61a9160067102c2bdda3&base_id=appTmsb0jGyj8wtOQ&table_id=tbl38QRRnTpDr0fh9&attachment_field_name=PDF&overwrite_attachments=true&record_id=reclztBs3AQyZVv6n,https://www.google.com/maps/search/?api=1&query=MORNINGTON%20STOCKHOLM%20CITY,,
2023-06-16 11:42:28,https://dashboard.browse.ai/teams/personal/robots/d2ac8762-a509-49d2-86f7-b0abb4530e75/history/6fdb6551-e6ec-4837-8f2e-ff6622a6099a,https://www.meetingsbooker.com/se/en/meeting-rooms-conference-facilities-in/mornington-stockholm-city?attendees=1&searchtype=1,10,3,Puck,,Meeting Room,6,,1 - 10,Stockholm,2023-06-16 11:42:28,Sample Number +46 77 777 0009,https://www.google.com/maps/search/?api=1&query=MORNINGTON%20STOCKHOLM%20CITY,2023-06-16 11:42:28,MORNINGTON STOCKHOLM CITY,,https://app.documint.me/integrations/airtable?template_id=648c61a9160067102c2bdda3&base_id=appTmsb0jGyj8wtOQ&table_id=tbl38QRRnTpDr0fh9&attachment_field_name=PDF&overwrite_attachments=true&record_id=recsc4GvT1bvnFNP0,https://www.google.com/maps/search/?api=1&query=MORNINGTON%20STOCKHOLM%20CITY,,
2023-06-16 11:40:22,https://dashboard.browse.ai/teams/personal/robots/d2ac8762-a509-49d2-86f7-b0abb4530e75/history/c205e14b-4570-492f-a3e5-2198503f62df,https://www.meetingsbooker.com/se/en/meeting-rooms-conference-facilities-in/radisson-blu-strand-hotel?attendees=1&searchtype=1,10,2,Studio I,45M x 54M x 6M (WxLxH),Meeting Room,10,,1 - 10,Stockholm,2023-06-16 11:40:22,Sample Number +46 77 777 0004,https://www.google.com/maps/search/?api=1&query=Radisson%20Collection%20Strand%20Hotel,2023-06-16 11:40:22,Radisson Collection Strand Hotel,,https://app.documint.me/integrations/airtable?template_id=648c61a9160067102c2bdda3&base_id=appTmsb0jGyj8wtOQ&table_id=tbl38QRRnTpDr0fh9&attachment_field_name=PDF&overwrite_attachments=true&record_id=rec1c5WG5EY1C26is,https://www.google.com/maps/search/?api=1&query=Radisson%20Collection%20Strand%20Hotel,,
2023-06-16 11:40:22,https://dashboard.browse.ai/teams/personal/robots/d2ac8762-a509-49d2-86f7-b0abb4530e75/history/c205e14b-4570-492f-a3e5-2198503f62df,https://www.meetingsbooker.com/se/en/meeting-rooms-conference-facilities-in/radisson-blu-strand-hotel?attendees=1&searchtype=1,10,4,Studio III,44M x 45M x 26M (WxLxH),Meeting Room,8,,1 - 10,Stockholm,2023-06-16 11:40:22,Sample Number +46 77 777 0004,https://www.google.com/maps/search/?api=1&query=Radisson%20Collection%20Strand%20Hotel,2023-06-16 11:40:22,Radisson Collection Strand Hotel,,https://app.documint.me/integrations/airtable?template_id=648c61a9160067102c2bdda3&base_id=appTmsb0jGyj8wtOQ&table_id=tbl38QRRnTpDr0fh9&attachment_field_name=PDF&overwrite_attachments=true&record_id=recwK7Iahi4it4eh8,https://www.google.com/maps/search/?api=1&query=Radisson%20Collection%20Strand%20Hotel,,
2023-06-16 11:40:22,https://dashboard.browse.ai/teams/personal/robots/d2ac8762-a509-49d2-86f7-b0abb4530e75/history/c205e14b-4570-492f-a3e5-2198503f62df,https://www.meetingsbooker.com/se/en/meeting-rooms-conference-facilities-in/radisson-blu-strand-hotel?attendees=1&searchtype=1,10,5,,,,,,1 - 10,Stockholm,2023-06-16 11:40:22,Sample Number +46 77 777 0004,https://www.google.com/maps/search/?api=1&query=Radisson%20Collection%20Strand%20Hotel,2023-06-16 11:40:22,Radisson Collection Strand Hotel,,https://app.documint.me/integrations/airtable?template_id=648c61a9160067102c2bdda3&base_id=appTmsb0jGyj8wtOQ&table_id=tbl38QRRnTpDr0fh9&attachment_field_name=PDF&overwrite_attachments=true&record_id=recH11oZhkCetpz8F,https://www.google.com/maps/search/?api=1&query=Radisson%20Collection%20Strand%20Hotel,,
2023-06-16 11:40:22,https://dashboard.browse.ai/teams/personal/robots/d2ac8762-a509-49d2-86f7-b0abb4530e75/history/c205e14b-4570-492f-a3e5-2198503f62df,https://www.meetingsbooker.com/se/en/meeting-rooms-conference-facilities-in/radisson-blu-strand-hotel?attendees=1&searchtype=1,10,3,Studio II,44M x 45M x 26M (WxLxH),Meeting Room,8,,1 - 10,Stockholm,2023-06-16 11:40:22,Sample Number +46 77 777 0004,https://www.google.com/maps/search/?api=1&query=Radisson%20Collection%20Strand%20Hotel,2023-06-16 11:40:22,Radisson Collection Strand Hotel,,https://app.documint.me/integrations/airtable?template_id=648c61a9160067102c2bdda3&base_id=appTmsb0jGyj8wtOQ&table_id=tbl38QRRnTpDr0fh9&attachment_field_name=PDF&overwrite_attachments=true&record_id=recLsaohYzD0eumjy,https://www.google.com/maps/search/?api=1&query=Radisson%20Collection%20Strand%20Hotel,,
2023-06-16 11:40:22,https://dashboard.browse.ai/teams/personal/robots/d2ac8762-a509-49d2-86f7-b0abb4530e75/history/c205e14b-4570-492f-a3e5-2198503f62df,https://www.meetingsbooker.com/se/en/meeting-rooms-conference-facilities-in/radisson-blu-strand-hotel?attendees=1&searchtype=1,10,1,Harbour Suite,63M x 78M x 26M (WxLxH),Meeting Room,16,,11 - 20,Stockholm,2023-06-16 11:40:22,Sample Number +46 77 777 0004,https://www.google.com/maps/search/?api=1&query=Radisson%20Collection%20Strand%20Hotel,2023-06-16 11:40:22,Radisson Collection Strand Hotel,,https://app.documint.me/integrations/airtable?template_id=648c61a9160067102c2bdda3&base_id=appTmsb0jGyj8wtOQ&table_id=tbl38QRRnTpDr0fh9&attachment_field_name=PDF&overwrite_attachments=true&record_id=recn7uVUW7zSx8ppl,https://www.google.com/maps/search/?api=1&query=Radisson%20Collection%20Strand%20Hotel,,
2023-06-16 11:41:03,https://dashboard.browse.ai/teams/personal/robots/d2ac8762-a509-49d2-86f7-b0abb4530e75/history/88405bdc-0e78-40be-ab36-d372db87697c,https://www.meetingsbooker.com/se/en/meeting-rooms-conference-facilities-in/radisson-blu-waterfront-hotel?attendees=1&searchtype=1,10,2,BAR 4 & BAR 5,20M x 30M x 5M (WxLxH),Meeting Room,500,,more than 50,Stockholm,2023-06-16 11:41:03,Sample Number +46 77 777 0005,https://www.google.com/maps/search/?api=1&query=Radisson%20Blu%20Waterfront%20Hotel,2023-06-16 11:41:03,Radisson Blu Waterfront Hotel,,https://app.documint.me/integrations/airtable?template_id=648c61a9160067102c2bdda3&base_id=appTmsb0jGyj8wtOQ&table_id=tbl38QRRnTpDr0fh9&attachment_field_name=PDF&overwrite_attachments=true&record_id=rec04uBm2fMReCRhV,https://www.google.com/maps/search/?api=1&query=Radisson%20Blu%20Waterfront%20Hotel,,
2023-06-16 11:41:03,https://dashboard.browse.ai/teams/personal/robots/d2ac8762-a509-49d2-86f7-b0abb4530e75/history/88405bdc-0e78-40be-ab36-d372db87697c,https://www.meetingsbooker.com/se/en/meeting-rooms-conference-facilities-in/radisson-blu-waterfront-hotel?attendees=1&searchtype=1,10,3,CONFERENCE HALL (C1 - C2),10M x 60M x 5M (WxLxH),Meeting Room,600,,more than 50,Stockholm,2023-06-16 11:41:03,Sample Number +46 77 777 0005,https://www.google.com/maps/search/?api=1&query=Radisson%20Blu%20Waterfront%20Hotel,2023-06-16 11:41:03,Radisson Blu Waterfront Hotel,,https://app.documint.me/integrations/airtable?template_id=648c61a9160067102c2bdda3&base_id=appTmsb0jGyj8wtOQ&table_id=tbl38QRRnTpDr0fh9&attachment_field_name=PDF&overwrite_attachments=true&record_id=recLgnobT7N0M2Hu0,https://www.google.com/maps/search/?api=1&query=Radisson%20Blu%20Waterfront%20Hotel,,
2023-06-16 11:41:03,https://dashboard.browse.ai/teams/personal/robots/d2ac8762-a509-49d2-86f7-b0abb4530e75/history/88405bdc-0e78-40be-ab36-d372db87697c,https://www.meetingsbooker.com/se/en/meeting-rooms-conference-facilities-in/radisson-blu-waterfront-hotel?attendees=1&searchtype=1,10,8,,,,,,1 - 10,Stockholm,2023-06-16 11:41:03,Sample Number +46 77 777 0005,https://www.google.com/maps/search/?api=1&query=Radisson%20Blu%20Waterfront%20Hotel,2023-06-16 11:41:03,Radisson Blu Waterfront Hotel,,https://app.documint.me/integrations/airtable?template_id=648c61a9160067102c2bdda3&base_id=appTmsb0jGyj8wtOQ&table_id=tbl38QRRnTpDr0fh9&attachment_field_name=PDF&overwrite_attachments=true&record_id=rec3sswkc7o5pX5Wc,https://www.google.com/maps/search/?api=1&query=Radisson%20Blu%20Waterfront%20Hotel,,
2023-06-16 11:41:03,https://dashboard.browse.ai/teams/personal/robots/d2ac8762-a509-49d2-86f7-b0abb4530e75/history/88405bdc-0e78-40be-ab36-d372db87697c,https://www.meetingsbooker.com/se/en/meeting-rooms-conference-facilities-in/radisson-blu-waterfront-hotel?attendees=1&searchtype=1,10,4,CONFERENCE ROOM (21 - 36),7M x 9M x 5M (WxLxH),Meeting Room,30,,21 - 50,Stockholm,2023-06-16 11:41:03,Sample Number +46 77 777 0005,https://www.google.com/maps/search/?api=1&query=Radisson%20Blu%20Waterfront%20Hotel,2023-06-16 11:41:03,Radisson Blu Waterfront Hotel,,https://app.documint.me/integrations/airtable?template_id=648c61a9160067102c2bdda3&base_id=appTmsb0jGyj8wtOQ&table_id=tbl38QRRnTpDr0fh9&attachment_field_name=PDF&overwrite_attachments=true&record_id=rec69PMwoRQJzeKdJ,https://www.google.com/maps/search/?api=1&query=Radisson%20Blu%20Waterfront%20Hotel,,
2023-06-16 11:41:03,https://dashboard.browse.ai/teams/personal/robots/d2ac8762-a509-49d2-86f7-b0abb4530e75/history/88405bdc-0e78-40be-ab36-d372db87697c,https://www.meetingsbooker.com/se/en/meeting-rooms-conference-facilities-in/radisson-blu-waterfront-hotel?attendees=1&searchtype=1,10,5,VIP CONFERENCE ROOM (37),6M x 10M x 5M (WxLxH),Meeting Room,16,,11 - 20,Stockholm,2023-06-16 11:41:03,Sample Number +46 77 777 0005,https://www.google.com/maps/search/?api=1&query=Radisson%20Blu%20Waterfront%20Hotel,2023-06-16 11:41:03,Radisson Blu Waterfront Hotel,,https://app.documint.me/integrations/airtable?template_id=648c61a9160067102c2bdda3&base_id=appTmsb0jGyj8wtOQ&table_id=tbl38QRRnTpDr0fh9&attachment_field_name=PDF&overwrite_attachments=true&record_id=recbx1cndWniabyYp,https://www.google.com/maps/search/?api=1&query=Radisson%20Blu%20Waterfront%20Hotel,,
2023-06-16 11:41:03,https://dashboard.browse.ai/teams/personal/robots/d2ac8762-a509-49d2-86f7-b0abb4530e75/history/88405bdc-0e78-40be-ab36-d372db87697c,https://www.meetingsbooker.com/se/en/meeting-rooms-conference-facilities-in/radisson-blu-waterfront-hotel?attendees=1&searchtype=1,10,6,BRAIN BOX,6M x 9M x 5M (WxLxH),Meeting Room,16,,11 - 20,Stockholm,2023-06-16 11:41:03,Sample Number +46 77 777 0005,https://www.google.com/maps/search/?api=1&query=Radisson%20Blu%20Waterfront%20Hotel,2023-06-16 11:41:03,Radisson Blu Waterfront Hotel,,https://app.documint.me/integrations/airtable?template_id=648c61a9160067102c2bdda3&base_id=appTmsb0jGyj8wtOQ&table_id=tbl38QRRnTpDr0fh9&attachment_field_name=PDF&overwrite_attachments=true&record_id=reccjeRlfwGujx3Ry,https://www.google.com/maps/search/?api=1&query=Radisson%20Blu%20Waterfront%20Hotel,,
2023-06-16 11:41:03,https://dashboard.browse.ai/teams/personal/robots/d2ac8762-a509-49d2-86f7-b0abb4530e75/history/88405bdc-0e78-40be-ab36-d372db87697c,https://www.meetingsbooker.com/se/en/meeting-rooms-conference-facilities-in/radisson-blu-waterfront-hotel?attendees=1&searchtype=1,10,7,PRIVATE DINING ROOM,4M x 8M x 3M (WxLxH),Meeting Room,12,,11 - 20,Stockholm,2023-06-16 11:41:03,Sample Number +46 77 777 0005,https://www.google.com/maps/search/?api=1&query=Radisson%20Blu%20Waterfront%20Hotel,2023-06-16 11:41:03,Radisson Blu Waterfront Hotel,,https://app.documint.me/integrations/airtable?template_id=648c61a9160067102c2bdda3&base_id=appTmsb0jGyj8wtOQ&table_id=tbl38QRRnTpDr0fh9&attachment_field_name=PDF&overwrite_attachments=true&record_id=recf8mW7YNcIbROSR,https://www.google.com/maps/search/?api=1&query=Radisson%20Blu%20Waterfront%20Hotel,,
2023-06-16 11:41:03,https://dashboard.browse.ai/teams/personal/robots/d2ac8762-a509-49d2-86f7-b0abb4530e75/history/88405bdc-0e78-40be-ab36-d372db87697c,https://www.meetingsbooker.com/se/en/meeting-rooms-conference-facilities-in/radisson-blu-waterfront-hotel?attendees=1&searchtype=1,10,1,Main Congress Hall,48M x 43M x 15M (WxLxH),Meeting Room,3000,,more than 50,Stockholm,2023-06-16 11:41:03,Sample Number +46 77 777 0005,https://www.google.com/maps/search/?api=1&query=Radisson%20Blu%20Waterfront%20Hotel,2023-06-16 11:41:03,Radisson Blu Waterfront Hotel,,https://app.documint.me/integrations/airtable?template_id=648c61a9160067102c2bdda3&base_id=appTmsb0jGyj8wtOQ&table_id=tbl38QRRnTpDr0fh9&attachment_field_name=PDF&overwrite_attachments=true&record_id=reclKUrCmFfdh7Nre,https://www.google.com/maps/search/?api=1&query=Radisson%20Blu%20Waterfront%20Hotel,,
2023-06-16 11:40:21,https://dashboard.browse.ai/teams/personal/robots/d2ac8762-a509-49d2-86f7-b0abb4530e75/history/64c8dfe3-8c7b-4457-9fed-5f7f7fdb1358,https://www.meetingsbooker.com/se/en/meeting-rooms-conference-facilities-in/radissonbluroyalvikinghotelstockholm?attendees=1&searchtype=1,10,4,ARIES / LIBRA / GEMINI,5.4M x 5.8M x 2.4M (WxLxH),Meeting Room,10,,1 - 10,Stockholm,2023-06-16 11:40:21,Sample Number +46 77 777 0003,https://www.google.com/maps/search/?api=1&query=Radisson%20Blu%20Royal%20Viking%20Hotel%2C%20Stockholm,2023-06-16 11:40:21,"Radisson Blu Royal Viking Hotel, Stockholm",,https://app.documint.me/integrations/airtable?template_id=648c61a9160067102c2bdda3&base_id=appTmsb0jGyj8wtOQ&table_id=tbl38QRRnTpDr0fh9&attachment_field_name=PDF&overwrite_attachments=true&record_id=recTj4Zwt3yQBw3Dw,https://www.google.com/maps/search/?api=1&query=Radisson%20Blu%20Royal%20Viking%20Hotel%2C%20Stockholm,,
2023-06-16 11:40:21,https://dashboard.browse.ai/teams/personal/robots/d2ac8762-a509-49d2-86f7-b0abb4530e75/history/64c8dfe3-8c7b-4457-9fed-5f7f7fdb1358,https://www.meetingsbooker.com/se/en/meeting-rooms-conference-facilities-in/radissonbluroyalvikinghotelstockholm?attendees=1&searchtype=1,10,6,SCORPIO,6.8M x 8.6M x 2.4M (WxLxH),Meeting Room,18,,11 - 20,Stockholm,2023-06-16 11:40:21,Sample Number +46 77 777 0003,https://www.google.com/maps/search/?api=1&query=Radisson%20Blu%20Royal%20Viking%20Hotel%2C%20Stockholm,2023-06-16 11:40:21,"Radisson Blu Royal Viking Hotel, Stockholm",,https://app.documint.me/integrations/airtable?template_id=648c61a9160067102c2bdda3&base_id=appTmsb0jGyj8wtOQ&table_id=tbl38QRRnTpDr0fh9&attachment_field_name=PDF&overwrite_attachments=true&record_id=recWH9GgQ8XPUPHto,https://www.google.com/maps/search/?api=1&query=Radisson%20Blu%20Royal%20Viking%20Hotel%2C%20Stockholm,,
2023-06-16 11:40:21,https://dashboard.browse.ai/teams/personal/robots/d2ac8762-a509-49d2-86f7-b0abb4530e75/history/64c8dfe3-8c7b-4457-9fed-5f7f7fdb1358,https://www.meetingsbooker.com/se/en/meeting-rooms-conference-facilities-in/radissonbluroyalvikinghotelstockholm?attendees=1&searchtype=1,10,5,LEO,4.9M x 8.2M x 2.4M (WxLxH),Meeting Room,14,,11 - 20,Stockholm,2023-06-16 11:40:21,Sample Number +46 77 777 0003,https://www.google.com/maps/search/?api=1&query=Radisson%20Blu%20Royal%20Viking%20Hotel%2C%20Stockholm,2023-06-16 11:40:21,"Radisson Blu Royal Viking Hotel, Stockholm",,https://app.documint.me/integrations/airtable?template_id=648c61a9160067102c2bdda3&base_id=appTmsb0jGyj8wtOQ&table_id=tbl38QRRnTpDr0fh9&attachment_field_name=PDF&overwrite_attachments=true&record_id=recDYPRcIIlzv3fUM,https://www.google.com/maps/search/?api=1&query=Radisson%20Blu%20Royal%20Viking%20Hotel%2C%20Stockholm,,
2023-06-16 11:40:21,https://dashboard.browse.ai/teams/personal/robots/d2ac8762-a509-49d2-86f7-b0abb4530e75/history/64c8dfe3-8c7b-4457-9fed-5f7f7fdb1358,https://www.meetingsbooker.com/se/en/meeting-rooms-conference-facilities-in/radissonbluroyalvikinghotelstockholm?attendees=1&searchtype=1,10,2,PHOENIX,4.9M x 7.8M x 2.4M (WxLxH),Meeting Room,14,,11 - 20,Stockholm,2023-06-16 11:40:21,Sample Number +46 77 777 0003,https://www.google.com/maps/search/?api=1&query=Radisson%20Blu%20Royal%20Viking%20Hotel%2C%20Stockholm,2023-06-16 11:40:21,"Radisson Blu Royal Viking Hotel, Stockholm",,https://app.documint.me/integrations/airtable?template_id=648c61a9160067102c2bdda3&base_id=appTmsb0jGyj8wtOQ&table_id=tbl38QRRnTpDr0fh9&attachment_field_name=PDF&overwrite_attachments=true&record_id=recHSPFTL1DGWW1HZ,https://www.google.com/maps/search/?api=1&query=Radisson%20Blu%20Royal%20Viking%20Hotel%2C%20Stockholm,,
2023-06-16 11:40:21,https://dashboard.browse.ai/teams/personal/robots/d2ac8762-a509-49d2-86f7-b0abb4530e75/history/64c8dfe3-8c7b-4457-9fed-5f7f7fdb1358,https://www.meetingsbooker.com/se/en/meeting-rooms-conference-facilities-in/radissonbluroyalvikinghotelstockholm?attendees=1&searchtype=1,10,10,,,,,,1 - 10,Stockholm,2023-06-16 11:40:21,Sample Number +46 77 777 0003,https://www.google.com/maps/search/?api=1&query=Radisson%20Blu%20Royal%20Viking%20Hotel%2C%20Stockholm,2023-06-16 11:40:21,"Radisson Blu Royal Viking Hotel, Stockholm",,https://app.documint.me/integrations/airtable?template_id=648c61a9160067102c2bdda3&base_id=appTmsb0jGyj8wtOQ&table_id=tbl38QRRnTpDr0fh9&attachment_field_name=PDF&overwrite_attachments=true&record_id=recIrehdtwXJfxbWS,https://www.google.com/maps/search/?api=1&query=Radisson%20Blu%20Royal%20Viking%20Hotel%2C%20Stockholm,,
2023-06-16 11:40:21,https://dashboard.browse.ai/teams/personal/robots/d2ac8762-a509-49d2-86f7-b0abb4530e75/history/64c8dfe3-8c7b-4457-9fed-5f7f7fdb1358,https://www.meetingsbooker.com/se/en/meeting-rooms-conference-facilities-in/radissonbluroyalvikinghotelstockholm?attendees=1&searchtype=1,10,8,DORADO,4.7M x 6.6M x 2.4M (WxLxH),Meeting Room,16,,11 - 20,Stockholm,2023-06-16 11:40:21,Sample Number +46 77 777 0003,https://www.google.com/maps/search/?api=1&query=Radisson%20Blu%20Royal%20Viking%20Hotel%2C%20Stockholm,2023-06-16 11:40:21,"Radisson Blu Royal Viking Hotel, Stockholm",,https://app.documint.me/integrations/airtable?template_id=648c61a9160067102c2bdda3&base_id=appTmsb0jGyj8wtOQ&table_id=tbl38QRRnTpDr0fh9&attachment_field_name=PDF&overwrite_attachments=true&record_id=rec8nhgu9qQoV56mp,https://www.google.com/maps/search/?api=1&query=Radisson%20Blu%20Royal%20Viking%20Hotel%2C%20Stockholm,,
2023-06-16 11:40:21,https://dashboard.browse.ai/teams/personal/robots/d2ac8762-a509-49d2-86f7-b0abb4530e75/history/64c8dfe3-8c7b-4457-9fed-5f7f7fdb1358,https://www.meetingsbooker.com/se/en/meeting-rooms-conference-facilities-in/radissonbluroyalvikinghotelstockholm?attendees=1&searchtype=1,10,1,Hercules,10.3M x 13.2M x 2.7M (WxLxH),Meeting Room,44,,21 - 50,Stockholm,2023-06-16 11:40:21,Sample Number +46 77 777 0003,https://www.google.com/maps/search/?api=1&query=Radisson%20Blu%20Royal%20Viking%20Hotel%2C%20Stockholm,2023-06-16 11:40:21,"Radisson Blu Royal Viking Hotel, Stockholm",,https://app.documint.me/integrations/airtable?template_id=648c61a9160067102c2bdda3&base_id=appTmsb0jGyj8wtOQ&table_id=tbl38QRRnTpDr0fh9&attachment_field_name=PDF&overwrite_attachments=true&record_id=recax6IsVatlYxPl3,https://www.google.com/maps/search/?api=1&query=Radisson%20Blu%20Royal%20Viking%20Hotel%2C%20Stockholm,,
2023-06-16 11:40:21,https://dashboard.browse.ai/teams/personal/robots/d2ac8762-a509-49d2-86f7-b0abb4530e75/history/64c8dfe3-8c7b-4457-9fed-5f7f7fdb1358,https://www.meetingsbooker.com/se/en/meeting-rooms-conference-facilities-in/radissonbluroyalvikinghotelstockholm?attendees=1&searchtype=1,10,7,MUSCA,3.2M x 3.7M x 2.4M (WxLxH),Meeting Room,4,,1 - 10,Stockholm,2023-06-16 11:40:21,Sample Number +46 77 777 0003,https://www.google.com/maps/search/?api=1&query=Radisson%20Blu%20Royal%20Viking%20Hotel%2C%20Stockholm,2023-06-16 11:40:21,"Radisson Blu Royal Viking Hotel, Stockholm",,https://app.documint.me/integrations/airtable?template_id=648c61a9160067102c2bdda3&base_id=appTmsb0jGyj8wtOQ&table_id=tbl38QRRnTpDr0fh9&attachment_field_name=PDF&overwrite_attachments=true&record_id=recaHH8LQMpArzRJR,https://www.google.com/maps/search/?api=1&query=Radisson%20Blu%20Royal%20Viking%20Hotel%2C%20Stockholm,,
2023-06-16 11:40:21,https://dashboard.browse.ai/teams/personal/robots/d2ac8762-a509-49d2-86f7-b0abb4530e75/history/64c8dfe3-8c7b-4457-9fed-5f7f7fdb1358,https://www.meetingsbooker.com/se/en/meeting-rooms-conference-facilities-in/radissonbluroyalvikinghotelstockholm?attendees=1&searchtype=1,10,9,VELA,,Meeting Room,6,,1 - 10,Stockholm,2023-06-16 11:40:21,Sample Number +46 77 777 0003,https://www.google.com/maps/search/?api=1&query=Radisson%20Blu%20Royal%20Viking%20Hotel%2C%20Stockholm,2023-06-16 11:40:21,"Radisson Blu Royal Viking Hotel, Stockholm",,https://app.documint.me/integrations/airtable?template_id=648c61a9160067102c2bdda3&base_id=appTmsb0jGyj8wtOQ&table_id=tbl38QRRnTpDr0fh9&attachment_field_name=PDF&overwrite_attachments=true&record_id=recep8sU8NjKWKk5Q,https://www.google.com/maps/search/?api=1&query=Radisson%20Blu%20Royal%20Viking%20Hotel%2C%20Stockholm,,
2023-06-16 11:40:21,https://dashboard.browse.ai/teams/personal/robots/d2ac8762-a509-49d2-86f7-b0abb4530e75/history/64c8dfe3-8c7b-4457-9fed-5f7f7fdb1358,https://www.meetingsbooker.com/se/en/meeting-rooms-conference-facilities-in/radissonbluroyalvikinghotelstockholm?attendees=1&searchtype=1,10,3,DRACO,4.3M x 8.8M x 2.4M (WxLxH),Meeting Room,18,,11 - 20,Stockholm,2023-06-16 11:40:21,Sample Number +46 77 777 0003,https://www.google.com/maps/search/?api=1&query=Radisson%20Blu%20Royal%20Viking%20Hotel%2C%20Stockholm,2023-06-16 11:40:21,"Radisson Blu Royal Viking Hotel, Stockholm",,https://app.documint.me/integrations/airtable?template_id=648c61a9160067102c2bdda3&base_id=appTmsb0jGyj8wtOQ&table_id=tbl38QRRnTpDr0fh9&attachment_field_name=PDF&overwrite_attachments=true&record_id=recmI95KVWvM9YnZ9,https://www.google.com/maps/search/?api=1&query=Radisson%20Blu%20Royal%20Viking%20Hotel%2C%20Stockholm,,